timestamp,equity
2026-09-18T21:03:32.525442+00:00,10000.000000
2026-09-18T21:04:32.525442+00:00,10000.000000
2026-09-18T21:05:32.525442+00:00,10000.000000
2026-09-18T21:06:32.525442+00:00,10000.000000
2026-09-18T21:07:32.525442+00:00,10000.000000
2026-09-18T21:08:32.525442+00:00,10000.000000
2026-09-18T21:09:32.525442+00:00,10000.000000
2026-09-18T21:10:32.525442+00:00,10000.000000
2026-09-18T21:11:32.525442+00:00,10000.000000
2026-09-18T21:12:32.525442+00:00,10000.000000
2026-09-18T21:13:32.525442+00:00,10000.000000
2026-09-18T21:14:32.525442+00:00,10000.000000
2026-09-18T21:15:32.525442+00:00,10000.000000
2026-09-18T21:16:32.525442+00:00,10000.000000
2026-09-18T21:17:32.525442+00:00,10000.000000
2026-09-18T21:18:32.525442+00:00,10000.000000
2026-09-18T21:19:32.525442+00:00,10000.000000
2026-09-18T21:20:32.525442+00:00,10000.000000
2026-09-18T21:21:32.525442+00:00,10000.000000
2026-09-18T21:22:32.525442+00:00,10000.000000
2026-09-18T21:23:32.525442+00:00,10000.000000
2026-09-18T21:24:32.525442+00:00,10000.000000
2026-09-18T21:25:32.525442+00:00,10000.000000
2026-09-18T21:26:32.525442+00:00,10000.000000
2026-09-18T21:27:32.525442+00:00,10000.000000
2026-09-18T21:28:32.525442+00:00,10000.000000
2026-09-18T21:29:32.525442+00:00,10000.000000
2026-09-18T21:30:32.525442+00:00,10000.000000
2026-09-18T21:31:32.525442+00:00,10000.000000
2026-09-18T21:32:32.525442+00:00,10000.000000
2026-09-18T21:33:32.525442+00:00,10000.000000
2026-09-18T21:34:32.525442+00:00,10000.000000
2026-09-18T21:35:32.525442+00:00,10000.000000
2026-09-18T21:36:32.525442+00:00,10000.000000
2026-09-18T21:37:32.525442+00:00,10000.000000
2026-09-18T21:38:32.525442+00:00,10000.000000
2026-09-18T21:39:32.525442+00:00,10000.000000
2026-09-18T21:40:32.525442+00:00,10000.000000
2026-09-18T21:41:32.525442+00:00,10000.000000
2026-09-18T21:42:32.525442+00:00,10000.000000
2026-09-18T21:43:32.525442+00:00,10000.000000
2026-09-18T21:44:32.525442+00:00,10000.000000
2026-09-18T21:45:32.525442+00:00,10000.000000
2026-09-18T21:46:32.525442+00:00,10000.000000
2026-09-18T21:47:32.525442+00:00,10000.000000
2026-09-18T21:48:32.525442+00:00,10000.000000
2026-09-18T21:49:32.525442+00:00,10000.000000
2026-09-18T21:50:32.525442+00:00,10000.000000
2026-09-18T21:51:32.525442+00:00,10000.000000
2026-09-18T21:52:32.525442+00:00,10000.000000
2026-09-18T21:53:32.525442+00:00,10000.000000
2026-09-18T21:54:32.525442+00:00,10000.000000
2026-09-18T21:55:32.525442+00:00,10000.000000
2026-09-18T21:56:32.525442+00:00,10000.000000
2026-09-18T21:57:32.525442+00:00,10000.000000
2026-09-18T21:58:32.525442+00:00,9997.701701
2026-09-18T21:59:32.525442+00:00,9998.459845
2026-09-18T22:00:32.525442+00:00,10001.677541
2026-09-18T22:01:32.525442+00:00,10003.120114
2026-09-18T22:02:32.525442+00:00,9999.417017
2026-09-18T22:03:32.525442+00:00,9998.245301
2026-09-18T22:04:32.525442+00:00,9989.213315
2026-09-18T22:05:32.525442+00:00,9992.220599
2026-09-18T22:06:32.525442+00:00,9988.729356
2026-09-18T22:07:32.525442+00:00,9988.776596
2026-09-18T22:08:32.525442+00:00,10002.672461
2026-09-18T22:09:32.525442+00:00,10014.436373
2026-09-18T22:10:32.525442+00:00,10014.414242
2026-09-18T22:11:32.525442+00:00,10010.173181
2026-09-18T22:12:32.525442+00:00,10010.590056
2026-09-18T22:13:32.525442+00:00,10009.589513
2026-09-18T22:14:32.525442+00:00,10020.419431
2026-09-18T22:15:32.525442+00:00,10011.180869
2026-09-18T22:16:32.525442+00:00,10007.837599
2026-09-18T22:17:32.525442+00:00,9998.018280
2026-09-18T22:18:32.525442+00:00,9995.385314
2026-09-18T22:19:32.525442+00:00,10003.993313
2026-09-18T22:20:32.525442+00:00,10017.162489
2026-09-18T22:21:32.525442+00:00,10017.484639
2026-09-18T22:22:32.525442+00:00,10020.641664
2026-09-18T22:23:32.525442+00:00,10013.494575
2026-09-18T22:24:32.525442+00:00,10017.513389
2026-09-18T22:25:32.525442+00:00,10017.986977
2026-09-18T22:26:32.525442+00:00,10024.246471
2026-09-18T22:27:32.525442+00:00,10030.487013
2026-09-18T22:28:32.525442+00:00,10033.571424
2026-09-18T22:29:32.525442+00:00,10032.212090
2026-09-18T22:30:32.525442+00:00,10046.821471
2026-09-18T22:31:32.525442+00:00,10051.813202
2026-09-18T22:32:32.525442+00:00,10043.314304
2026-09-18T22:33:32.525442+00:00,10045.525458
2026-09-18T22:34:32.525442+00:00,10040.701587
2026-09-18T22:35:32.525442+00:00,10047.000267
2026-09-18T22:36:32.525442+00:00,10052.040856
2026-09-18T22:37:32.525442+00:00,10048.773339
2026-09-18T22:38:32.525442+00:00,10045.106782
2026-09-18T22:39:32.525442+00:00,10040.635815
2026-09-18T22:40:32.525442+00:00,10043.010900
2026-09-18T22:41:32.525442+00:00,10042.602470
2026-09-18T22:42:32.525442+00:00,10034.677921
2026-09-18T22:43:32.525442+00:00,10041.211042
2026-09-18T22:44:32.525442+00:00,10036.756716
2026-09-18T22:45:32.525442+00:00,10031.980078
2026-09-18T22:46:32.525442+00:00,10044.585713
2026-09-18T22:47:32.525442+00:00,10044.625975
2026-09-18T22:48:32.525442+00:00,10047.601396
2026-09-18T22:49:32.525442+00:00,10055.886531
2026-09-18T22:50:32.525442+00:00,10068.067845
2026-09-18T22:51:32.525442+00:00,10078.473842
2026-09-18T22:52:32.525442+00:00,10080.141016
2026-09-18T22:53:32.525442+00:00,10082.069230
2026-09-18T22:54:32.525442+00:00,10077.382109
2026-09-18T22:55:32.525442+00:00,10079.461504
2026-09-18T22:56:32.525442+00:00,10091.244990
2026-09-18T22:57:32.525442+00:00,10095.494952
2026-09-18T22:58:32.525442+00:00,10096.160244
2026-09-18T22:59:32.525442+00:00,10092.046552
2026-09-18T23:00:32.525442+00:00,10086.985366
2026-09-18T23:01:32.525442+00:00,10091.019528
2026-09-18T23:02:32.525442+00:00,10090.298321
2026-09-18T23:03:32.525442+00:00,10089.573338
2026-09-18T23:04:32.525442+00:00,10084.031688
2026-09-18T23:05:32.525442+00:00,10083.762457
2026-09-18T23:06:32.525442+00:00,10093.987107
2026-09-18T23:07:32.525442+00:00,10093.529070
2026-09-18T23:08:32.525442+00:00,10083.900362
2026-09-18T23:09:32.525442+00:00,10079.029734
2026-09-18T23:10:32.525442+00:00,10090.631319
2026-09-18T23:11:32.525442+00:00,10086.220384
2026-09-18T23:12:32.525442+00:00,10089.378632
2026-09-18T23:13:32.525442+00:00,10096.783293
2026-09-18T23:14:32.525442+00:00,10091.652150
2026-09-18T23:15:32.525442+00:00,10083.955705
2026-09-18T23:16:32.525442+00:00,10087.627156
2026-09-18T23:17:32.525442+00:00,10073.959531
2026-09-18T23:18:32.525442+00:00,10076.313763
2026-09-18T23:19:32.525442+00:00,10072.445424
2026-09-18T23:20:32.525442+00:00,10065.775440
2026-09-18T23:21:32.525442+00:00,10065.775440
2026-09-18T23:22:32.525442+00:00,10065.775440
2026-09-18T23:23:32.525442+00:00,10065.775440
2026-09-18T23:24:32.525442+00:00,10065.775440
2026-09-18T23:25:32.525442+00:00,10065.775440
2026-09-18T23:26:32.525442+00:00,10065.775440
2026-09-18T23:27:32.525442+00:00,10065.775440
2026-09-18T23:28:32.525442+00:00,10065.775440
2026-09-18T23:29:32.525442+00:00,10065.775440
2026-09-18T23:30:32.525442+00:00,10065.775440
2026-09-18T23:31:32.525442+00:00,10065.775440
2026-09-18T23:32:32.525442+00:00,10065.775440
2026-09-18T23:33:32.525442+00:00,10065.775440
2026-09-18T23:34:32.525442+00:00,10065.775440
2026-09-18T23:35:32.525442+00:00,10065.775440
2026-09-18T23:36:32.525442+00:00,10065.775440
2026-09-18T23:37:32.525442+00:00,10065.775440
2026-09-18T23:38:32.525442+00:00,10065.775440
2026-09-18T23:39:32.525442+00:00,10065.775440
2026-09-18T23:40:32.525442+00:00,10065.775440
2026-09-18T23:41:32.525442+00:00,10065.775440
2026-09-18T23:42:32.525442+00:00,10065.775440
2026-09-18T23:43:32.525442+00:00,10065.775440
2026-09-18T23:44:32.525442+00:00,10065.775440
2026-09-18T23:45:32.525442+00:00,10065.775440
2026-09-18T23:46:32.525442+00:00,10065.775440
2026-09-18T23:47:32.525442+00:00,10065.775440
2026-09-18T23:48:32.525442+00:00,10065.775440
2026-09-18T23:49:32.525442+00:00,10065.775440
2026-09-18T23:50:32.525442+00:00,10065.775440
2026-09-18T23:51:32.525442+00:00,10065.775440
2026-09-18T23:52:32.525442+00:00,10065.775440
2026-09-18T23:53:32.525442+00:00,10065.775440
2026-09-18T23:54:32.525442+00:00,10065.775440
2026-09-18T23:55:32.525442+00:00,10065.775440
2026-09-18T23:56:32.525442+00:00,10065.775440
2026-09-18T23:57:32.525442+00:00,10065.775440
2026-09-18T23:58:32.525442+00:00,10065.775440
2026-09-18T23:59:32.525442+00:00,10065.775440
2026-09-19T00:00:32.525442+00:00,10065.775440
2026-09-19T00:01:32.525442+00:00,10065.775440
2026-09-19T00:02:32.525442+00:00,10065.775440
2026-09-19T00:03:32.525442+00:00,10065.775440
2026-09-19T00:04:32.525442+00:00,10065.775440
2026-09-19T00:05:32.525442+00:00,10065.775440
2026-09-19T00:06:32.525442+00:00,10065.775440
2026-09-19T00:07:32.525442+00:00,10065.775440
2026-09-19T00:08:32.525442+00:00,10065.775440
2026-09-19T00:09:32.525442+00:00,10065.775440
2026-09-19T00:10:32.525442+00:00,10065.775440
2026-09-19T00:11:32.525442+00:00,10065.775440
2026-09-19T00:12:32.525442+00:00,10065.775440
2026-09-19T00:13:32.525442+00:00,10065.775440
2026-09-19T00:14:32.525442+00:00,10065.775440
2026-09-19T00:15:32.525442+00:00,10065.775440
2026-09-19T00:16:32.525442+00:00,10065.775440
2026-09-19T00:17:32.525442+00:00,10065.775440
2026-09-19T00:18:32.525442+00:00,10065.775440
2026-09-19T00:19:32.525442+00:00,10065.775440
2026-09-19T00:20:32.525442+00:00,10065.775440
2026-09-19T00:21:32.525442+00:00,10065.775440
2026-09-19T00:22:32.525442+00:00,10065.775440
2026-09-19T00:23:32.525442+00:00,10065.775440
2026-09-19T00:24:32.525442+00:00,10065.775440
2026-09-19T00:25:32.525442+00:00,10065.775440
2026-09-19T00:26:32.525442+00:00,10065.775440
2026-09-19T00:27:32.525442+00:00,10065.775440
2026-09-19T00:28:32.525442+00:00,10065.775440
2026-09-19T00:29:32.525442+00:00,10065.775440
2026-09-19T00:30:32.525442+00:00,10065.775440
2026-09-19T00:31:32.525442+00:00,10065.775440
2026-09-19T00:32:32.525442+00:00,10065.775440
2026-09-19T00:33:32.525442+00:00,10065.775440
2026-09-19T00:34:32.525442+00:00,10065.775440
2026-09-19T00:35:32.525442+00:00,10065.775440
2026-09-19T00:36:32.525442+00:00,10065.775440
2026-09-19T00:37:32.525442+00:00,10065.775440
2026-09-19T00:38:32.525442+00:00,10065.775440
2026-09-19T00:39:32.525442+00:00,10065.775440
2026-09-19T00:40:32.525442+00:00,10065.775440
2026-09-19T00:41:32.525442+00:00,10065.775440
2026-09-19T00:42:32.525442+00:00,10065.775440
2026-09-19T00:43:32.525442+00:00,10065.775440
2026-09-19T00:44:32.525442+00:00,10065.775440
2026-09-19T00:45:32.525442+00:00,10065.775440
2026-09-19T00:46:32.525442+00:00,10065.775440
2026-09-19T00:47:32.525442+00:00,10065.775440
2026-09-19T00:48:32.525442+00:00,10065.775440
2026-09-19T00:49:32.525442+00:00,10065.775440
2026-09-19T00:50:32.525442+00:00,10065.775440
2026-09-19T00:51:32.525442+00:00,10065.775440
2026-09-19T00:52:32.525442+00:00,10065.775440
2026-09-19T00:53:32.525442+00:00,10065.775440
2026-09-19T00:54:32.525442+00:00,10065.775440
2026-09-19T00:55:32.525442+00:00,10065.775440
2026-09-19T00:56:32.525442+00:00,10065.775440
2026-09-19T00:57:32.525442+00:00,10065.775440
2026-09-19T00:58:32.525442+00:00,10065.775440
2026-09-19T00:59:32.525442+00:00,10065.775440
2026-09-19T01:00:32.525442+00:00,10065.775440
2026-09-19T01:01:32.525442+00:00,10065.775440
2026-09-19T01:02:32.525442+00:00,10065.775440
2026-09-19T01:03:32.525442+00:00,10065.775440
2026-09-19T01:04:32.525442+00:00,10065.775440
2026-09-19T01:05:32.525442+00:00,10065.775440
2026-09-19T01:06:32.525442+00:00,10065.775440
2026-09-19T01:07:32.525442+00:00,10065.775440
2026-09-19T01:08:32.525442+00:00,10065.775440
2026-09-19T01:09:32.525442+00:00,10065.775440
2026-09-19T01:10:32.525442+00:00,10065.775440
2026-09-19T01:11:32.525442+00:00,10065.775440
2026-09-19T01:12:32.525442+00:00,10065.775440
2026-09-19T01:13:32.525442+00:00,10065.775440
2026-09-19T01:14:32.525442+00:00,10065.775440
2026-09-19T01:15:32.525442+00:00,10065.775440
2026-09-19T01:16:32.525442+00:00,10065.775440
2026-09-19T01:17:32.525442+00:00,10065.775440
2026-09-19T01:18:32.525442+00:00,10065.775440
2026-09-19T01:19:32.525442+00:00,10065.775440
2026-09-19T01:20:32.525442+00:00,10063.398837
2026-09-19T01:21:32.525442+00:00,10060.779765
2026-09-19T01:22:32.525442+00:00,10059.909454
2026-09-19T01:23:32.525442+00:00,10063.609999
2026-09-19T01:24:32.525442+00:00,10057.181289
2026-09-19T01:25:32.525442+00:00,10061.900619
2026-09-19T01:26:32.525442+00:00,10061.346610
2026-09-19T01:27:32.525442+00:00,10070.582335
2026-09-19T01:28:32.525442+00:00,10061.895815
2026-09-19T01:29:32.525442+00:00,10050.252248
2026-09-19T01:30:32.525442+00:00,10049.717790
2026-09-19T01:31:32.525442+00:00,10046.198124
2026-09-19T01:32:32.525442+00:00,10046.460690
2026-09-19T01:33:32.525442+00:00,10041.193586
2026-09-19T01:34:32.525442+00:00,10042.749917
2026-09-19T01:35:32.525442+00:00,10043.079764
2026-09-19T01:36:32.525442+00:00,10041.267595
2026-09-19T01:37:32.525442+00:00,10032.999092
2026-09-19T01:38:32.525442+00:00,10032.999092
2026-09-19T01:39:32.525442+00:00,10032.999092
2026-09-19T01:40:32.525442+00:00,10032.999092
2026-09-19T01:41:32.525442+00:00,10032.999092
2026-09-19T01:42:32.525442+00:00,10032.999092
2026-09-19T01:43:32.525442+00:00,10032.999092
2026-09-19T01:44:32.525442+00:00,10032.999092
2026-09-19T01:45:32.525442+00:00,10032.999092
2026-09-19T01:46:32.525442+00:00,10032.999092
2026-09-19T01:47:32.525442+00:00,10032.999092
2026-09-19T01:48:32.525442+00:00,10032.999092
2026-09-19T01:49:32.525442+00:00,10032.999092
2026-09-19T01:50:32.525442+00:00,10032.999092
2026-09-19T01:51:32.525442+00:00,10032.999092
2026-09-19T01:52:32.525442+00:00,10032.999092
2026-09-19T01:53:32.525442+00:00,10032.999092
2026-09-19T01:54:32.525442+00:00,10032.999092
2026-09-19T01:55:32.525442+00:00,10032.999092
2026-09-19T01:56:32.525442+00:00,10032.999092
2026-09-19T01:57:32.525442+00:00,10032.999092
2026-09-19T01:58:32.525442+00:00,10032.999092
2026-09-19T01:59:32.525442+00:00,10032.999092
2026-09-19T02:00:32.525442+00:00,10032.999092
2026-09-19T02:01:32.525442+00:00,10032.999092
2026-09-19T02:02:32.525442+00:00,10032.999092
2026-09-19T02:03:32.525442+00:00,10032.999092
2026-09-19T02:04:32.525442+00:00,10032.999092
2026-09-19T02:05:32.525442+00:00,10032.999092
2026-09-19T02:06:32.525442+00:00,10032.999092
2026-09-19T02:07:32.525442+00:00,10032.999092
2026-09-19T02:08:32.525442+00:00,10032.999092
2026-09-19T02:09:32.525442+00:00,10032.999092
2026-09-19T02:10:32.525442+00:00,10032.999092
2026-09-19T02:11:32.525442+00:00,10032.999092
2026-09-19T02:12:32.525442+00:00,10032.999092
2026-09-19T02:13:32.525442+00:00,10032.999092
2026-09-19T02:14:32.525442+00:00,10032.999092
2026-09-19T02:15:32.525442+00:00,10032.999092
2026-09-19T02:16:32.525442+00:00,10032.999092
2026-09-19T02:17:32.525442+00:00,10032.999092
2026-09-19T02:18:32.525442+00:00,10032.999092
2026-09-19T02:19:32.525442+00:00,10032.999092
2026-09-19T02:20:32.525442+00:00,10032.999092
2026-09-19T02:21:32.525442+00:00,10032.999092
2026-09-19T02:22:32.525442+00:00,10032.999092
2026-09-19T02:23:32.525442+00:00,10032.999092
2026-09-19T02:24:32.525442+00:00,10032.999092
2026-09-19T02:25:32.525442+00:00,10032.999092
2026-09-19T02:26:32.525442+00:00,10032.999092
2026-09-19T02:27:32.525442+00:00,10032.999092
2026-09-19T02:28:32.525442+00:00,10032.999092
2026-09-19T02:29:32.525442+00:00,10032.999092
2026-09-19T02:30:32.525442+00:00,10032.999092
2026-09-19T02:31:32.525442+00:00,10032.999092
2026-09-19T02:32:32.525442+00:00,10032.999092
2026-09-19T02:33:32.525442+00:00,10032.999092
2026-09-19T02:34:32.525442+00:00,10032.999092
2026-09-19T02:35:32.525442+00:00,10032.999092
2026-09-19T02:36:32.525442+00:00,10032.999092
2026-09-19T02:37:32.525442+00:00,10032.999092
2026-09-19T02:38:32.525442+00:00,10032.999092
2026-09-19T02:39:32.525442+00:00,10032.999092
2026-09-19T02:40:32.525442+00:00,10032.999092
2026-09-19T02:41:32.525442+00:00,10032.999092
2026-09-19T02:42:32.525442+00:00,10032.999092
2026-09-19T02:43:32.525442+00:00,10032.999092
2026-09-19T02:44:32.525442+00:00,10032.999092
2026-09-19T02:45:32.525442+00:00,10032.999092
2026-09-19T02:46:32.525442+00:00,10032.999092
2026-09-19T02:47:32.525442+00:00,10032.999092
2026-09-19T02:48:32.525442+00:00,10032.999092
2026-09-19T02:49:32.525442+00:00,10032.999092
2026-09-19T02:50:32.525442+00:00,10032.999092
2026-09-19T02:51:32.525442+00:00,10032.999092
2026-09-19T02:52:32.525442+00:00,10032.999092
2026-09-19T02:53:32.525442+00:00,10032.999092
2026-09-19T02:54:32.525442+00:00,10032.999092
2026-09-19T02:55:32.525442+00:00,10032.999092
2026-09-19T02:56:32.525442+00:00,10032.999092
2026-09-19T02:57:32.525442+00:00,10032.999092
2026-09-19T02:58:32.525442+00:00,10032.999092
2026-09-19T02:59:32.525442+00:00,10032.999092
2026-09-19T03:00:32.525442+00:00,10032.999092
2026-09-19T03:01:32.525442+00:00,10032.999092
2026-09-19T03:02:32.525442+00:00,10032.999092
2026-09-19T03:03:32.525442+00:00,10032.999092
2026-09-19T03:04:32.525442+00:00,10032.999092
2026-09-19T03:05:32.525442+00:00,10032.999092
2026-09-19T03:06:32.525442+00:00,10032.999092
2026-09-19T03:07:32.525442+00:00,10032.999092
2026-09-19T03:08:32.525442+00:00,10032.999092
2026-09-19T03:09:32.525442+00:00,10032.999092
2026-09-19T03:10:32.525442+00:00,10032.999092
2026-09-19T03:11:32.525442+00:00,10032.999092
2026-09-19T03:12:32.525442+00:00,10032.999092
2026-09-19T03:13:32.525442+00:00,10032.999092
2026-09-19T03:14:32.525442+00:00,10032.999092
2026-09-19T03:15:32.525442+00:00,10032.999092
2026-09-19T03:16:32.525442+00:00,10032.999092
2026-09-19T03:17:32.525442+00:00,10032.999092
2026-09-19T03:18:32.525442+00:00,10032.999092
2026-09-19T03:19:32.525442+00:00,10032.999092
2026-09-19T03:20:32.525442+00:00,10032.999092
2026-09-19T03:21:32.525442+00:00,10032.999092
2026-09-19T03:22:32.525442+00:00,10032.999092
2026-09-19T03:23:32.525442+00:00,10032.999092
2026-09-19T03:24:32.525442+00:00,10032.999092
2026-09-19T03:25:32.525442+00:00,10032.999092
2026-09-19T03:26:32.525442+00:00,10032.999092
2026-09-19T03:27:32.525442+00:00,10032.999092
2026-09-19T03:28:32.525442+00:00,10032.999092
2026-09-19T03:29:32.525442+00:00,10032.999092
2026-09-19T03:30:32.525442+00:00,10032.999092
2026-09-19T03:31:32.525442+00:00,10032.999092
2026-09-19T03:32:32.525442+00:00,10032.999092
2026-09-19T03:33:32.525442+00:00,10032.999092
2026-09-19T03:34:32.525442+00:00,10032.999092
2026-09-19T03:35:32.525442+00:00,10032.999092
2026-09-19T03:36:32.525442+00:00,10032.999092
2026-09-19T03:37:32.525442+00:00,10032.999092
2026-09-19T03:38:32.525442+00:00,10032.999092
2026-09-19T03:39:32.525442+00:00,10032.999092
2026-09-19T03:40:32.525442+00:00,10032.999092
2026-09-19T03:41:32.525442+00:00,10032.999092
2026-09-19T03:42:32.525442+00:00,10032.999092
2026-09-19T03:43:32.525442+00:00,10032.999092
2026-09-19T03:44:32.525442+00:00,10032.999092
2026-09-19T03:45:32.525442+00:00,10032.999092
2026-09-19T03:46:32.525442+00:00,10032.999092
2026-09-19T03:47:32.525442+00:00,10032.999092
2026-09-19T03:48:32.525442+00:00,10032.999092
2026-09-19T03:49:32.525442+00:00,10032.999092
2026-09-19T03:50:32.525442+00:00,10032.999092
2026-09-19T03:51:32.525442+00:00,10032.999092
2026-09-19T03:52:32.525442+00:00,10032.999092
2026-09-19T03:53:32.525442+00:00,10032.999092
2026-09-19T03:54:32.525442+00:00,10032.999092
2026-09-19T03:55:32.525442+00:00,10032.999092
2026-09-19T03:56:32.525442+00:00,10032.999092
2026-09-19T03:57:32.525442+00:00,10032.999092
2026-09-19T03:58:32.525442+00:00,10032.999092
2026-09-19T03:59:32.525442+00:00,10032.999092
2026-09-19T04:00:32.525442+00:00,10032.999092
2026-09-19T04:01:32.525442+00:00,10032.999092
2026-09-19T04:02:32.525442+00:00,10032.999092
2026-09-19T04:03:32.525442+00:00,10032.999092
2026-09-19T04:04:32.525442+00:00,10032.999092
2026-09-19T04:05:32.525442+00:00,10032.999092
2026-09-19T04:06:32.525442+00:00,10032.999092
2026-09-19T04:07:32.525442+00:00,10032.999092
2026-09-19T04:08:32.525442+00:00,10032.999092
2026-09-19T04:09:32.525442+00:00,10032.999092
2026-09-19T04:10:32.525442+00:00,10032.999092
2026-09-19T04:11:32.525442+00:00,10032.999092
2026-09-19T04:12:32.525442+00:00,10032.999092
2026-09-19T04:13:32.525442+00:00,10032.999092
2026-09-19T04:14:32.525442+00:00,10032.999092
2026-09-19T04:15:32.525442+00:00,10032.999092
2026-09-19T04:16:32.525442+00:00,10032.999092
2026-09-19T04:17:32.525442+00:00,10032.999092
2026-09-19T04:18:32.525442+00:00,10032.999092
2026-09-19T04:19:32.525442+00:00,10032.999092
2026-09-19T04:20:32.525442+00:00,10032.999092
2026-09-19T04:21:32.525442+00:00,10032.999092
2026-09-19T04:22:32.525442+00:00,10032.999092
2026-09-19T04:23:32.525442+00:00,10032.999092
2026-09-19T04:24:32.525442+00:00,10032.999092
2026-09-19T04:25:32.525442+00:00,10032.999092
2026-09-19T04:26:32.525442+00:00,10032.999092
2026-09-19T04:27:32.525442+00:00,10032.999092
2026-09-19T04:28:32.525442+00:00,10032.999092
2026-09-19T04:29:32.525442+00:00,10032.999092
2026-09-19T04:30:32.525442+00:00,10032.999092
2026-09-19T04:31:32.525442+00:00,10032.999092
2026-09-19T04:32:32.525442+00:00,10032.999092
2026-09-19T04:33:32.525442+00:00,10032.999092
2026-09-19T04:34:32.525442+00:00,10032.999092
2026-09-19T04:35:32.525442+00:00,10032.999092
2026-09-19T04:36:32.525442+00:00,10032.999092
2026-09-19T04:37:32.525442+00:00,10032.999092
2026-09-19T04:38:32.525442+00:00,10032.999092
2026-09-19T04:39:32.525442+00:00,10032.999092
2026-09-19T04:40:32.525442+00:00,10032.999092
2026-09-19T04:41:32.525442+00:00,10032.999092
2026-09-19T04:42:32.525442+00:00,10032.999092
2026-09-19T04:43:32.525442+00:00,10032.999092
2026-09-19T04:44:32.525442+00:00,10032.999092
2026-09-19T04:45:32.525442+00:00,10032.999092
2026-09-19T04:46:32.525442+00:00,10032.999092
2026-09-19T04:47:32.525442+00:00,10032.999092
2026-09-19T04:48:32.525442+00:00,10032.999092
2026-09-19T04:49:32.525442+00:00,10032.999092
2026-09-19T04:50:32.525442+00:00,10032.999092
2026-09-19T04:51:32.525442+00:00,10032.999092
2026-09-19T04:52:32.525442+00:00,10032.999092
2026-09-19T04:53:32.525442+00:00,10032.999092
2026-09-19T04:54:32.525442+00:00,10032.999092
2026-09-19T04:55:32.525442+00:00,10032.999092
2026-09-19T04:56:32.525442+00:00,10032.999092
2026-09-19T04:57:32.525442+00:00,10030.736998
2026-09-19T04:58:32.525442+00:00,10030.205805
2026-09-19T04:59:32.525442+00:00,10030.210927
2026-09-19T05:00:32.525442+00:00,10031.332127
2026-09-19T05:01:32.525442+00:00,10032.687435
2026-09-19T05:02:32.525442+00:00,10022.995510
2026-09-19T05:03:32.525442+00:00,10027.761368
2026-09-19T05:04:32.525442+00:00,10037.142797
2026-09-19T05:05:32.525442+00:00,10046.869795
2026-09-19T05:06:32.525442+00:00,10050.978216
2026-09-19T05:07:32.525442+00:00,10064.804541
2026-09-19T05:08:32.525442+00:00,10068.575521
2026-09-19T05:09:32.525442+00:00,10068.689674
2026-09-19T05:10:32.525442+00:00,10064.700343
2026-09-19T05:11:32.525442+00:00,10068.927743
2026-09-19T05:12:32.525442+00:00,10073.139028
2026-09-19T05:13:32.525442+00:00,10080.347840
2026-09-19T05:14:32.525442+00:00,10079.180716
2026-09-19T05:15:32.525442+00:00,10078.849686
2026-09-19T05:16:32.525442+00:00,10076.385556
2026-09-19T05:17:32.525442+00:00,10084.442681
2026-09-19T05:18:32.525442+00:00,10088.908565
2026-09-19T05:19:32.525442+00:00,10087.842760
2026-09-19T05:20:32.525442+00:00,10089.353860
2026-09-19T05:21:32.525442+00:00,10104.567818
2026-09-19T05:22:32.525442+00:00,10102.675955
2026-09-19T05:23:32.525442+00:00,10096.021930
2026-09-19T05:24:32.525442+00:00,10082.073277
2026-09-19T05:25:32.525442+00:00,10092.011180
2026-09-19T05:26:32.525442+00:00,10096.516225
2026-09-19T05:27:32.525442+00:00,10089.946311
2026-09-19T05:28:32.525442+00:00,10076.250182
2026-09-19T05:29:32.525442+00:00,10069.085512
2026-09-19T05:30:32.525442+00:00,10074.478413
2026-09-19T05:31:32.525442+00:00,10068.477560
2026-09-19T05:32:32.525442+00:00,10073.692556
2026-09-19T05:33:32.525442+00:00,10070.662915
2026-09-19T05:34:32.525442+00:00,10084.202618
2026-09-19T05:35:32.525442+00:00,10089.692936
2026-09-19T05:36:32.525442+00:00,10085.686435
2026-09-19T05:37:32.525442+00:00,10084.402135
2026-09-19T05:38:32.525442+00:00,10086.307440
2026-09-19T05:39:32.525442+00:00,10094.356193
2026-09-19T05:40:32.525442+00:00,10090.443713
2026-09-19T05:41:32.525442+00:00,10097.615421
2026-09-19T05:42:32.525442+00:00,10106.197817
2026-09-19T05:43:32.525442+00:00,10097.992925
2026-09-19T05:44:32.525442+00:00,10095.263241
2026-09-19T05:45:32.525442+00:00,10084.702577
2026-09-19T05:46:32.525442+00:00,10083.015427
2026-09-19T05:47:32.525442+00:00,10071.787735
2026-09-19T05:48:32.525442+00:00,10071.787735
2026-09-19T05:49:32.525442+00:00,10071.787735
2026-09-19T05:50:32.525442+00:00,10071.787735
2026-09-19T05:51:32.525442+00:00,10071.787735
2026-09-19T05:52:32.525442+00:00,10071.787735
2026-09-19T05:53:32.525442+00:00,10069.401085
2026-09-19T05:54:32.525442+00:00,10061.904099
2026-09-19T05:55:32.525442+00:00,10059.389789
2026-09-19T05:56:32.525442+00:00,10066.819845
2026-09-19T05:57:32.525442+00:00,10061.357488
2026-09-19T05:58:32.525442+00:00,10052.919572
2026-09-19T05:59:32.525442+00:00,10054.842486
2026-09-19T06:00:32.525442+00:00,10055.215070
2026-09-19T06:01:32.525442+00:00,10047.472804
2026-09-19T06:02:32.525442+00:00,10051.992986
2026-09-19T06:03:32.525442+00:00,10038.415224
2026-09-19T06:04:32.525442+00:00,10038.415224
2026-09-19T06:05:32.525442+00:00,10038.415224
2026-09-19T06:06:32.525442+00:00,10038.415224
2026-09-19T06:07:32.525442+00:00,10038.415224
2026-09-19T06:08:32.525442+00:00,10038.415224
2026-09-19T06:09:32.525442+00:00,10038.415224
2026-09-19T06:10:32.525442+00:00,10038.415224
2026-09-19T06:11:32.525442+00:00,10038.415224
2026-09-19T06:12:32.525442+00:00,10038.415224
2026-09-19T06:13:32.525442+00:00,10038.415224
2026-09-19T06:14:32.525442+00:00,10038.415224
2026-09-19T06:15:32.525442+00:00,10038.415224
2026-09-19T06:16:32.525442+00:00,10038.415224
2026-09-19T06:17:32.525442+00:00,10038.415224
2026-09-19T06:18:32.525442+00:00,10038.415224
2026-09-19T06:19:32.525442+00:00,10038.415224
2026-09-19T06:20:32.525442+00:00,10038.415224
2026-09-19T06:21:32.525442+00:00,10038.415224
2026-09-19T06:22:32.525442+00:00,10038.415224
2026-09-19T06:23:32.525442+00:00,10038.415224
2026-09-19T06:24:32.525442+00:00,10038.415224
2026-09-19T06:25:32.525442+00:00,10038.415224
2026-09-19T06:26:32.525442+00:00,10038.415224
2026-09-19T06:27:32.525442+00:00,10038.415224
2026-09-19T06:28:32.525442+00:00,10038.415224
2026-09-19T06:29:32.525442+00:00,10038.415224
2026-09-19T06:30:32.525442+00:00,10038.415224
2026-09-19T06:31:32.525442+00:00,10038.415224
2026-09-19T06:32:32.525442+00:00,10038.415224
2026-09-19T06:33:32.525442+00:00,10038.415224
2026-09-19T06:34:32.525442+00:00,10038.415224
2026-09-19T06:35:32.525442+00:00,10038.415224
2026-09-19T06:36:32.525442+00:00,10038.415224
2026-09-19T06:37:32.525442+00:00,10038.415224
2026-09-19T06:38:32.525442+00:00,10038.415224
2026-09-19T06:39:32.525442+00:00,10038.415224
2026-09-19T06:40:32.525442+00:00,10038.415224
2026-09-19T06:41:32.525442+00:00,10038.415224
2026-09-19T06:42:32.525442+00:00,10038.415224
2026-09-19T06:43:32.525442+00:00,10038.415224
2026-09-19T06:44:32.525442+00:00,10038.415224
2026-09-19T06:45:32.525442+00:00,10038.415224
2026-09-19T06:46:32.525442+00:00,10038.415224
2026-09-19T06:47:32.525442+00:00,10038.415224
2026-09-19T06:48:32.525442+00:00,10038.415224
2026-09-19T06:49:32.525442+00:00,10038.415224
2026-09-19T06:50:32.525442+00:00,10038.415224
2026-09-19T06:51:32.525442+00:00,10038.415224
2026-09-19T06:52:32.525442+00:00,10038.415224
2026-09-19T06:53:32.525442+00:00,10038.415224
2026-09-19T06:54:32.525442+00:00,10038.415224
2026-09-19T06:55:32.525442+00:00,10038.415224
2026-09-19T06:56:32.525442+00:00,10038.415224
2026-09-19T06:57:32.525442+00:00,10036.076502
2026-09-19T06:58:32.525442+00:00,10032.941048
2026-09-19T06:59:32.525442+00:00,10028.499245
2026-09-19T07:00:32.525442+00:00,10030.222938
2026-09-19T07:01:32.525442+00:00,10029.134441
2026-09-19T07:02:32.525442+00:00,10025.986835
2026-09-19T07:03:32.525442+00:00,10017.379745
2026-09-19T07:04:32.525442+00:00,10015.709762
2026-09-19T07:05:32.525442+00:00,10015.822132
2026-09-19T07:06:32.525442+00:00,10015.231116
2026-09-19T07:07:32.525442+00:00,10020.330528
2026-09-19T07:08:32.525442+00:00,10015.504339
2026-09-19T07:09:32.525442+00:00,10017.766976
2026-09-19T07:10:32.525442+00:00,10016.340074
2026-09-19T07:11:32.525442+00:00,10019.639679
2026-09-19T07:12:32.525442+00:00,10017.687075
2026-09-19T07:13:32.525442+00:00,10009.678910
2026-09-19T07:14:32.525442+00:00,10009.678910
2026-09-19T07:15:32.525442+00:00,10009.678910
2026-09-19T07:16:32.525442+00:00,10009.678910
2026-09-19T07:17:32.525442+00:00,10009.678910
2026-09-19T07:18:32.525442+00:00,10009.678910
2026-09-19T07:19:32.525442+00:00,10009.678910
2026-09-19T07:20:32.525442+00:00,10009.678910
2026-09-19T07:21:32.525442+00:00,10009.678910
2026-09-19T07:22:32.525442+00:00,10009.678910
2026-09-19T07:23:32.525442+00:00,10009.678910
2026-09-19T07:24:32.525442+00:00,10009.678910
2026-09-19T07:25:32.525442+00:00,10009.678910
2026-09-19T07:26:32.525442+00:00,10009.678910
2026-09-19T07:27:32.525442+00:00,10009.678910
2026-09-19T07:28:32.525442+00:00,10009.678910
2026-09-19T07:29:32.525442+00:00,10009.678910
2026-09-19T07:30:32.525442+00:00,10009.678910
2026-09-19T07:31:32.525442+00:00,10009.678910
2026-09-19T07:32:32.525442+00:00,10009.678910
2026-09-19T07:33:32.525442+00:00,10009.678910
2026-09-19T07:34:32.525442+00:00,10007.341137
2026-09-19T07:35:32.525442+00:00,9999.780896
2026-09-19T07:36:32.525442+00:00,10001.216377
2026-09-19T07:37:32.525442+00:00,10003.041312
2026-09-19T07:38:32.525442+00:00,10001.235936
2026-09-19T07:39:32.525442+00:00,10008.521758
2026-09-19T07:40:32.525442+00:00,10011.528240
2026-09-19T07:41:32.525442+00:00,10008.481356
2026-09-19T07:42:32.525442+00:00,10008.117400
2026-09-19T07:43:32.525442+00:00,10010.621068
2026-09-19T07:44:32.525442+00:00,10004.262288
2026-09-19T07:45:32.525442+00:00,10007.787207
2026-09-19T07:46:32.525442+00:00,9998.485891
2026-09-19T07:47:32.525442+00:00,10003.993046
2026-09-19T07:48:32.525442+00:00,10005.629622
2026-09-19T07:49:32.525442+00:00,10007.107520
2026-09-19T07:50:32.525442+00:00,10006.499163
2026-09-19T07:51:32.525442+00:00,10002.576824
2026-09-19T07:52:32.525442+00:00,9997.467398
2026-09-19T07:53:32.525442+00:00,9988.539258
2026-09-19T07:54:32.525442+00:00,9988.539258
2026-09-19T07:55:32.525442+00:00,9988.539258
2026-09-19T07:56:32.525442+00:00,9988.539258
2026-09-19T07:57:32.525442+00:00,9988.539258
2026-09-19T07:58:32.525442+00:00,9988.539258
2026-09-19T07:59:32.525442+00:00,9988.539258
2026-09-19T08:00:32.525442+00:00,9986.182815
2026-09-19T08:01:32.525442+00:00,9988.606899
2026-09-19T08:02:32.525442+00:00,9982.543847
2026-09-19T08:03:32.525442+00:00,9983.895455
2026-09-19T08:04:32.525442+00:00,9984.898193
2026-09-19T08:05:32.525442+00:00,9981.185183
2026-09-19T08:06:32.525442+00:00,9983.855474
2026-09-19T08:07:32.525442+00:00,9981.071820
2026-09-19T08:08:32.525442+00:00,9992.311525
2026-09-19T08:09:32.525442+00:00,9990.048662
2026-09-19T08:10:32.525442+00:00,9994.907531
2026-09-19T08:11:32.525442+00:00,10009.275397
2026-09-19T08:12:32.525442+00:00,10015.120260
2026-09-19T08:13:32.525442+00:00,9998.116937
2026-09-19T08:14:32.525442+00:00,9998.615009
2026-09-19T08:15:32.525442+00:00,9995.536298
2026-09-19T08:16:32.525442+00:00,9997.371881
2026-09-19T08:17:32.525442+00:00,9994.297141
2026-09-19T08:18:32.525442+00:00,10003.759737
2026-09-19T08:19:32.525442+00:00,10000.604463
2026-09-19T08:20:32.525442+00:00,9999.438391
2026-09-19T08:21:32.525442+00:00,10001.070192
2026-09-19T08:22:32.525442+00:00,9998.814414
2026-09-19T08:23:32.525442+00:00,9988.600166
2026-09-19T08:24:32.525442+00:00,9978.592993
2026-09-19T08:25:32.525442+00:00,9978.592993
2026-09-19T08:26:32.525442+00:00,9978.592993
2026-09-19T08:27:32.525442+00:00,9978.592993
2026-09-19T08:28:32.525442+00:00,9978.592993
2026-09-19T08:29:32.525442+00:00,9978.592993
2026-09-19T08:30:32.525442+00:00,9978.592993
2026-09-19T08:31:32.525442+00:00,9978.592993
2026-09-19T08:32:32.525442+00:00,9978.592993
2026-09-19T08:33:32.525442+00:00,9978.592993
2026-09-19T08:34:32.525442+00:00,9978.592993
2026-09-19T08:35:32.525442+00:00,9978.592993
2026-09-19T08:36:32.525442+00:00,9978.592993
2026-09-19T08:37:32.525442+00:00,9978.592993
2026-09-19T08:38:32.525442+00:00,9978.592993
2026-09-19T08:39:32.525442+00:00,9978.592993
2026-09-19T08:40:32.525442+00:00,9978.592993
2026-09-19T08:41:32.525442+00:00,9978.592993
2026-09-19T08:42:32.525442+00:00,9978.592993
2026-09-19T08:43:32.525442+00:00,9978.592993
2026-09-19T08:44:32.525442+00:00,9978.592993
2026-09-19T08:45:32.525442+00:00,9978.592993
2026-09-19T08:46:32.525442+00:00,9978.592993
2026-09-19T08:47:32.525442+00:00,9978.592993
2026-09-19T08:48:32.525442+00:00,9978.592993
2026-09-19T08:49:32.525442+00:00,9978.592993
2026-09-19T08:50:32.525442+00:00,9978.592993
2026-09-19T08:51:32.525442+00:00,9978.592993
2026-09-19T08:52:32.525442+00:00,9978.592993
2026-09-19T08:53:32.525442+00:00,9978.592993
2026-09-19T08:54:32.525442+00:00,9978.592993
2026-09-19T08:55:32.525442+00:00,9978.592993
2026-09-19T08:56:32.525442+00:00,9978.592993
2026-09-19T08:57:32.525442+00:00,9978.592993
2026-09-19T08:58:32.525442+00:00,9978.592993
2026-09-19T08:59:32.525442+00:00,9978.592993
2026-09-19T09:00:32.525442+00:00,9978.592993
2026-09-19T09:01:32.525442+00:00,9978.592993
2026-09-19T09:02:32.525442+00:00,9978.592993
2026-09-19T09:03:32.525442+00:00,9976.201494
2026-09-19T09:04:32.525442+00:00,9980.646242
2026-09-19T09:05:32.525442+00:00,9978.728505
2026-09-19T09:06:32.525442+00:00,9979.062805
2026-09-19T09:07:32.525442+00:00,9993.527673
2026-09-19T09:08:32.525442+00:00,9996.603402
2026-09-19T09:09:32.525442+00:00,9995.125462
2026-09-19T09:10:32.525442+00:00,9988.845383
2026-09-19T09:11:32.525442+00:00,9978.412010
2026-09-19T09:12:32.525442+00:00,9987.191061
2026-09-19T09:13:32.525442+00:00,9986.000656
2026-09-19T09:14:32.525442+00:00,9978.588296
2026-09-19T09:15:32.525442+00:00,9972.739889
2026-09-19T09:16:32.525442+00:00,9981.971524
2026-09-19T09:17:32.525442+00:00,9979.079599
2026-09-19T09:18:32.525442+00:00,9999.023099
2026-09-19T09:19:32.525442+00:00,9994.995988
2026-09-19T09:20:32.525442+00:00,9986.477605
2026-09-19T09:21:32.525442+00:00,9989.744152
2026-09-19T09:22:32.525442+00:00,9991.611713
2026-09-19T09:23:32.525442+00:00,9992.159162
2026-09-19T09:24:32.525442+00:00,9992.599266
2026-09-19T09:25:32.525442+00:00,9995.328626
2026-09-19T09:26:32.525442+00:00,10001.878594
2026-09-19T09:27:32.525442+00:00,10009.220446
2026-09-19T09:28:32.525442+00:00,10014.109821
2026-09-19T09:29:32.525442+00:00,10026.286892
2026-09-19T09:30:32.525442+00:00,10033.513440
2026-09-19T09:31:32.525442+00:00,10030.904824
2026-09-19T09:32:32.525442+00:00,10033.395604
2026-09-19T09:33:32.525442+00:00,10026.757365
2026-09-19T09:34:32.525442+00:00,10030.394582
2026-09-19T09:35:32.525442+00:00,10026.816517
2026-09-19T09:36:32.525442+00:00,10024.439112
2026-09-19T09:37:32.525442+00:00,10015.859250
2026-09-19T09:38:32.525442+00:00,10007.825579
2026-09-19T09:39:32.525442+00:00,10011.333099
2026-09-19T09:40:32.525442+00:00,10010.797420
2026-09-19T09:41:32.525442+00:00,10027.640306
2026-09-19T09:42:32.525442+00:00,10023.853252
2026-09-19T09:43:32.525442+00:00,10024.189555
2026-09-19T09:44:32.525442+00:00,10030.606231
2026-09-19T09:45:32.525442+00:00,10023.724514
2026-09-19T09:46:32.525442+00:00,10019.247824
2026-09-19T09:47:32.525442+00:00,10017.462472
2026-09-19T09:48:32.525442+00:00,10010.721923
2026-09-19T09:49:32.525442+00:00,10004.320855
2026-09-19T09:50:32.525442+00:00,10008.482201
2026-09-19T09:51:32.525442+00:00,10009.134647
2026-09-19T09:52:32.525442+00:00,10006.694607
2026-09-19T09:53:32.525442+00:00,10015.497019
2026-09-19T09:54:32.525442+00:00,10010.730531
2026-09-19T09:55:32.525442+00:00,9999.320915
2026-09-19T09:56:32.525442+00:00,9999.320915
2026-09-19T09:57:32.525442+00:00,9999.320915
2026-09-19T09:58:32.525442+00:00,9999.320915
2026-09-19T09:59:32.525442+00:00,9999.320915
2026-09-19T10:00:32.525442+00:00,9999.320915
2026-09-19T10:01:32.525442+00:00,9999.320915
2026-09-19T10:02:32.525442+00:00,9999.320915
2026-09-19T10:03:32.525442+00:00,9999.320915
2026-09-19T10:04:32.525442+00:00,9999.320915
2026-09-19T10:05:32.525442+00:00,9999.320915
2026-09-19T10:06:32.525442+00:00,9999.320915
2026-09-19T10:07:32.525442+00:00,9999.320915
2026-09-19T10:08:32.525442+00:00,9999.320915
2026-09-19T10:09:32.525442+00:00,9999.320915
2026-09-19T10:10:32.525442+00:00,9999.320915
2026-09-19T10:11:32.525442+00:00,9999.320915
2026-09-19T10:12:32.525442+00:00,9999.320915
2026-09-19T10:13:32.525442+00:00,9999.320915
2026-09-19T10:14:32.525442+00:00,9999.320915
2026-09-19T10:15:32.525442+00:00,9999.320915
2026-09-19T10:16:32.525442+00:00,9999.320915
2026-09-19T10:17:32.525442+00:00,9999.320915
2026-09-19T10:18:32.525442+00:00,9999.320915
2026-09-19T10:19:32.525442+00:00,9999.320915
2026-09-19T10:20:32.525442+00:00,9999.320915
2026-09-19T10:21:32.525442+00:00,9999.320915
2026-09-19T10:22:32.525442+00:00,9999.320915
2026-09-19T10:23:32.525442+00:00,9999.320915
2026-09-19T10:24:32.525442+00:00,9999.320915
2026-09-19T10:25:32.525442+00:00,9999.320915
2026-09-19T10:26:32.525442+00:00,9999.320915
2026-09-19T10:27:32.525442+00:00,9999.320915
2026-09-19T10:28:32.525442+00:00,9999.320915
2026-09-19T10:29:32.525442+00:00,9999.320915
2026-09-19T10:30:32.525442+00:00,9999.320915
2026-09-19T10:31:32.525442+00:00,9999.320915
2026-09-19T10:32:32.525442+00:00,9999.320915
2026-09-19T10:33:32.525442+00:00,9999.320915
2026-09-19T10:34:32.525442+00:00,9999.320915
2026-09-19T10:35:32.525442+00:00,9999.320915
2026-09-19T10:36:32.525442+00:00,9999.320915
2026-09-19T10:37:32.525442+00:00,9999.320915
2026-09-19T10:38:32.525442+00:00,9999.320915
2026-09-19T10:39:32.525442+00:00,9996.857262
2026-09-19T10:40:32.525442+00:00,10004.367662
2026-09-19T10:41:32.525442+00:00,10002.794831
2026-09-19T10:42:32.525442+00:00,9994.717134
2026-09-19T10:43:32.525442+00:00,9987.374553
2026-09-19T10:44:32.525442+00:00,10011.390934
2026-09-19T10:45:32.525442+00:00,10022.910518
2026-09-19T10:46:32.525442+00:00,10022.506124
2026-09-19T10:47:32.525442+00:00,10020.236400
2026-09-19T10:48:32.525442+00:00,10011.151285
2026-09-19T10:49:32.525442+00:00,10016.929188
2026-09-19T10:50:32.525442+00:00,10019.215640
2026-09-19T10:51:32.525442+00:00,10017.964888
2026-09-19T10:52:32.525442+00:00,10023.093495
2026-09-19T10:53:32.525442+00:00,10034.558610
2026-09-19T10:54:32.525442+00:00,10031.861191
2026-09-19T10:55:32.525442+00:00,10035.286150
2026-09-19T10:56:32.525442+00:00,10031.525489
2026-09-19T10:57:32.525442+00:00,10022.798875
2026-09-19T10:58:32.525442+00:00,10023.411882
2026-09-19T10:59:32.525442+00:00,10025.598976
2026-09-19T11:00:32.525442+00:00,10023.612968
2026-09-19T11:01:32.525442+00:00,10029.311383
2026-09-19T11:02:32.525442+00:00,10027.512043
2026-09-19T11:03:32.525442+00:00,10018.024615
2026-09-19T11:04:32.525442+00:00,10020.596290
2026-09-19T11:05:32.525442+00:00,10016.479327
2026-09-19T11:06:32.525442+00:00,10018.475657
2026-09-19T11:07:32.525442+00:00,10011.506941
2026-09-19T11:08:32.525442+00:00,10008.459517
2026-09-19T11:09:32.525442+00:00,10010.044022
2026-09-19T11:10:32.525442+00:00,10002.913683
2026-09-19T11:11:32.525442+00:00,10007.231246
2026-09-19T11:12:32.525442+00:00,10006.106410
2026-09-19T11:13:32.525442+00:00,10010.966923
2026-09-19T11:14:32.525442+00:00,10008.826792
2026-09-19T11:15:32.525442+00:00,10012.227943
2026-09-19T11:16:32.525442+00:00,10018.015234
2026-09-19T11:17:32.525442+00:00,10017.959533
2026-09-19T11:18:32.525442+00:00,10017.695705
2026-09-19T11:19:32.525442+00:00,10028.001252
2026-09-19T11:20:32.525442+00:00,10028.636769
2026-09-19T11:21:32.525442+00:00,10034.619898
2026-09-19T11:22:32.525442+00:00,10037.498602
2026-09-19T11:23:32.525442+00:00,10045.102093
2026-09-19T11:24:32.525442+00:00,10054.000508
2026-09-19T11:25:32.525442+00:00,10053.164263
2026-09-19T11:26:32.525442+00:00,10053.029389
2026-09-19T11:27:32.525442+00:00,10057.131754
2026-09-19T11:28:32.525442+00:00,10062.884897
2026-09-19T11:29:32.525442+00:00,10063.059161
2026-09-19T11:30:32.525442+00:00,10054.000138
2026-09-19T11:31:32.525442+00:00,10053.553353
2026-09-19T11:32:32.525442+00:00,10056.399437
2026-09-19T11:33:32.525442+00:00,10051.614814
2026-09-19T11:34:32.525442+00:00,10039.432396
2026-09-19T11:35:32.525442+00:00,10039.389674
2026-09-19T11:36:32.525442+00:00,10033.793418
2026-09-19T11:37:32.525442+00:00,10039.838638
2026-09-19T11:38:32.525442+00:00,10045.039924
2026-09-19T11:39:32.525442+00:00,10048.368318
2026-09-19T11:40:32.525442+00:00,10046.949157
2026-09-19T11:41:32.525442+00:00,10048.327209
2026-09-19T11:42:32.525442+00:00,10029.147430
2026-09-19T11:43:32.525442+00:00,10029.147430
2026-09-19T11:44:32.525442+00:00,10029.147430
2026-09-19T11:45:32.525442+00:00,10029.147430
2026-09-19T11:46:32.525442+00:00,10029.147430
2026-09-19T11:47:32.525442+00:00,10029.147430
2026-09-19T11:48:32.525442+00:00,10029.147430
2026-09-19T11:49:32.525442+00:00,10029.147430
2026-09-19T11:50:32.525442+00:00,10029.147430
2026-09-19T11:51:32.525442+00:00,10029.147430
2026-09-19T11:52:32.525442+00:00,10029.147430
2026-09-19T11:53:32.525442+00:00,10029.147430
2026-09-19T11:54:32.525442+00:00,10029.147430
2026-09-19T11:55:32.525442+00:00,10029.147430
2026-09-19T11:56:32.525442+00:00,10029.147430
2026-09-19T11:57:32.525442+00:00,10029.147430
2026-09-19T11:58:32.525442+00:00,10029.147430
2026-09-19T11:59:32.525442+00:00,10029.147430
2026-09-19T12:00:32.525442+00:00,10029.147430
2026-09-19T12:01:32.525442+00:00,10029.147430
2026-09-19T12:02:32.525442+00:00,10029.147430
2026-09-19T12:03:32.525442+00:00,10029.147430
2026-09-19T12:04:32.525442+00:00,10029.147430
2026-09-19T12:05:32.525442+00:00,10029.147430
2026-09-19T12:06:32.525442+00:00,10029.147430
2026-09-19T12:07:32.525442+00:00,10029.147430
2026-09-19T12:08:32.525442+00:00,10029.147430
2026-09-19T12:09:32.525442+00:00,10029.147430
2026-09-19T12:10:32.525442+00:00,10029.147430
2026-09-19T12:11:32.525442+00:00,10029.147430
2026-09-19T12:12:32.525442+00:00,10029.147430
2026-09-19T12:13:32.525442+00:00,10029.147430
2026-09-19T12:14:32.525442+00:00,10029.147430
2026-09-19T12:15:32.525442+00:00,10029.147430
2026-09-19T12:16:32.525442+00:00,10029.147430
2026-09-19T12:17:32.525442+00:00,10029.147430
2026-09-19T12:18:32.525442+00:00,10029.147430
2026-09-19T12:19:32.525442+00:00,10029.147430
2026-09-19T12:20:32.525442+00:00,10029.147430
2026-09-19T12:21:32.525442+00:00,10029.147430
2026-09-19T12:22:32.525442+00:00,10029.147430
2026-09-19T12:23:32.525442+00:00,10029.147430
2026-09-19T12:24:32.525442+00:00,10029.147430
2026-09-19T12:25:32.525442+00:00,10029.147430
2026-09-19T12:26:32.525442+00:00,10029.147430
2026-09-19T12:27:32.525442+00:00,10029.147430
2026-09-19T12:28:32.525442+00:00,10029.147430
2026-09-19T12:29:32.525442+00:00,10029.147430
2026-09-19T12:30:32.525442+00:00,10029.147430
2026-09-19T12:31:32.525442+00:00,10029.147430
2026-09-19T12:32:32.525442+00:00,10029.147430
2026-09-19T12:33:32.525442+00:00,10029.147430
2026-09-19T12:34:32.525442+00:00,10029.147430
2026-09-19T12:35:32.525442+00:00,10029.147430
2026-09-19T12:36:32.525442+00:00,10029.147430
2026-09-19T12:37:32.525442+00:00,10029.147430
2026-09-19T12:38:32.525442+00:00,10029.147430
2026-09-19T12:39:32.525442+00:00,10029.147430
2026-09-19T12:40:32.525442+00:00,10029.147430
2026-09-19T12:41:32.525442+00:00,10029.147430
2026-09-19T12:42:32.525442+00:00,10029.147430
2026-09-19T12:43:32.525442+00:00,10029.147430
2026-09-19T12:44:32.525442+00:00,10029.147430
2026-09-19T12:45:32.525442+00:00,10029.147430
2026-09-19T12:46:32.525442+00:00,10029.147430
2026-09-19T12:47:32.525442+00:00,10029.147430
2026-09-19T12:48:32.525442+00:00,10029.147430
2026-09-19T12:49:32.525442+00:00,10029.147430
2026-09-19T12:50:32.525442+00:00,10029.147430
2026-09-19T12:51:32.525442+00:00,10029.147430
2026-09-19T12:52:32.525442+00:00,10029.147430
2026-09-19T12:53:32.525442+00:00,10029.147430
2026-09-19T12:54:32.525442+00:00,10029.147430
2026-09-19T12:55:32.525442+00:00,10029.147430
2026-09-19T12:56:32.525442+00:00,10029.147430
2026-09-19T12:57:32.525442+00:00,10029.147430
2026-09-19T12:58:32.525442+00:00,10029.147430
2026-09-19T12:59:32.525442+00:00,10029.147430
2026-09-19T13:00:32.525442+00:00,10029.147430
2026-09-19T13:01:32.525442+00:00,10029.147430
2026-09-19T13:02:32.525442+00:00,10029.147430
2026-09-19T13:03:32.525442+00:00,10029.147430
2026-09-19T13:04:32.525442+00:00,10029.147430
2026-09-19T13:05:32.525442+00:00,10029.147430
2026-09-19T13:06:32.525442+00:00,10029.147430
2026-09-19T13:07:32.525442+00:00,10029.147430
2026-09-19T13:08:32.525442+00:00,10029.147430
2026-09-19T13:09:32.525442+00:00,10029.147430
2026-09-19T13:10:32.525442+00:00,10029.147430
2026-09-19T13:11:32.525442+00:00,10029.147430
2026-09-19T13:12:32.525442+00:00,10026.527706
2026-09-19T13:13:32.525442+00:00,10021.386902
2026-09-19T13:14:32.525442+00:00,10005.397211
2026-09-19T13:15:32.525442+00:00,10011.353025
2026-09-19T13:16:32.525442+00:00,10005.939085
2026-09-19T13:17:32.525442+00:00,10007.617541
2026-09-19T13:18:32.525442+00:00,10015.956812
2026-09-19T13:19:32.525442+00:00,10012.786438
2026-09-19T13:20:32.525442+00:00,9995.120541
2026-09-19T13:21:32.525442+00:00,9995.120541
2026-09-19T13:22:32.525442+00:00,9995.120541
2026-09-19T13:23:32.525442+00:00,9995.120541
2026-09-19T13:24:32.525442+00:00,9995.120541
2026-09-19T13:25:32.525442+00:00,9995.120541
2026-09-19T13:26:32.525442+00:00,9995.120541
2026-09-19T13:27:32.525442+00:00,9995.120541
2026-09-19T13:28:32.525442+00:00,9995.120541
2026-09-19T13:29:32.525442+00:00,9995.120541
2026-09-19T13:30:32.525442+00:00,9995.120541
2026-09-19T13:31:32.525442+00:00,9995.120541
2026-09-19T13:32:32.525442+00:00,9995.120541
2026-09-19T13:33:32.525442+00:00,9995.120541
2026-09-19T13:34:32.525442+00:00,9995.120541
2026-09-19T13:35:32.525442+00:00,9995.120541
2026-09-19T13:36:32.525442+00:00,9995.120541
2026-09-19T13:37:32.525442+00:00,9995.120541
2026-09-19T13:38:32.525442+00:00,9995.120541
2026-09-19T13:39:32.525442+00:00,9995.120541
2026-09-19T13:40:32.525442+00:00,9995.120541
2026-09-19T13:41:32.525442+00:00,9995.120541
2026-09-19T13:42:32.525442+00:00,9995.120541
2026-09-19T13:43:32.525442+00:00,9995.120541
2026-09-19T13:44:32.525442+00:00,9995.120541
2026-09-19T13:45:32.525442+00:00,9995.120541
2026-09-19T13:46:32.525442+00:00,9995.120541
2026-09-19T13:47:32.525442+00:00,9995.120541
2026-09-19T13:48:32.525442+00:00,9995.120541
2026-09-19T13:49:32.525442+00:00,9995.120541
2026-09-19T13:50:32.525442+00:00,9995.120541
2026-09-19T13:51:32.525442+00:00,9995.120541
2026-09-19T13:52:32.525442+00:00,9995.120541
2026-09-19T13:53:32.525442+00:00,9995.120541
2026-09-19T13:54:32.525442+00:00,9995.120541
2026-09-19T13:55:32.525442+00:00,9995.120541
2026-09-19T13:56:32.525442+00:00,9995.120541
2026-09-19T13:57:32.525442+00:00,9995.120541
2026-09-19T13:58:32.525442+00:00,9995.120541
2026-09-19T13:59:32.525442+00:00,9995.120541
2026-09-19T14:00:32.525442+00:00,9995.120541
2026-09-19T14:01:32.525442+00:00,9992.494551
2026-09-19T14:02:32.525442+00:00,10005.951891
2026-09-19T14:03:32.525442+00:00,10006.817078
2026-09-19T14:04:32.525442+00:00,10012.380735
2026-09-19T14:05:32.525442+00:00,10007.509176
2026-09-19T14:06:32.525442+00:00,10014.889330
2026-09-19T14:07:32.525442+00:00,10018.004440
2026-09-19T14:08:32.525442+00:00,10011.328158
2026-09-19T14:09:32.525442+00:00,10008.527896
2026-09-19T14:10:32.525442+00:00,10008.989032
2026-09-19T14:11:32.525442+00:00,10012.341366
2026-09-19T14:12:32.525442+00:00,10002.284714
2026-09-19T14:13:32.525442+00:00,10021.169882
2026-09-19T14:14:32.525442+00:00,10019.339090
2026-09-19T14:15:32.525442+00:00,9997.077712
2026-09-19T14:16:32.525442+00:00,10006.661905
2026-09-19T14:17:32.525442+00:00,10008.954107
2026-09-19T14:18:32.525442+00:00,10007.638468
2026-09-19T14:19:32.525442+00:00,9993.863917
2026-09-19T14:20:32.525442+00:00,9997.605087
2026-09-19T14:21:32.525442+00:00,9994.227785
2026-09-19T14:22:32.525442+00:00,9996.296324
2026-09-19T14:23:32.525442+00:00,9993.344528
2026-09-19T14:24:32.525442+00:00,9992.139772
2026-09-19T14:25:32.525442+00:00,9983.582867
2026-09-19T14:26:32.525442+00:00,9983.582867
2026-09-19T14:27:32.525442+00:00,9983.582867
2026-09-19T14:28:32.525442+00:00,9983.582867
2026-09-19T14:29:32.525442+00:00,9983.582867
2026-09-19T14:30:32.525442+00:00,9983.582867
2026-09-19T14:31:32.525442+00:00,9983.582867
2026-09-19T14:32:32.525442+00:00,9983.582867
2026-09-19T14:33:32.525442+00:00,9983.582867
2026-09-19T14:34:32.525442+00:00,9983.582867
2026-09-19T14:35:32.525442+00:00,9983.582867
2026-09-19T14:36:32.525442+00:00,9983.582867
2026-09-19T14:37:32.525442+00:00,9983.582867
2026-09-19T14:38:32.525442+00:00,9983.582867
2026-09-19T14:39:32.525442+00:00,9983.582867
2026-09-19T14:40:32.525442+00:00,9983.582867
2026-09-19T14:41:32.525442+00:00,9983.582867
2026-09-19T14:42:32.525442+00:00,9983.582867
2026-09-19T14:43:32.525442+00:00,9983.582867
2026-09-19T14:44:32.525442+00:00,9983.582867
2026-09-19T14:45:32.525442+00:00,9983.582867
2026-09-19T14:46:32.525442+00:00,9983.582867
2026-09-19T14:47:32.525442+00:00,9983.582867
2026-09-19T14:48:32.525442+00:00,9983.582867
2026-09-19T14:49:32.525442+00:00,9983.582867
2026-09-19T14:50:32.525442+00:00,9983.582867
2026-09-19T14:51:32.525442+00:00,9983.582867
2026-09-19T14:52:32.525442+00:00,9983.582867
2026-09-19T14:53:32.525442+00:00,9983.582867
2026-09-19T14:54:32.525442+00:00,9983.582867
2026-09-19T14:55:32.525442+00:00,9983.582867
2026-09-19T14:56:32.525442+00:00,9983.582867
2026-09-19T14:57:32.525442+00:00,9983.582867
2026-09-19T14:58:32.525442+00:00,9983.582867
2026-09-19T14:59:32.525442+00:00,9983.582867
2026-09-19T15:00:32.525442+00:00,9983.582867
2026-09-19T15:01:32.525442+00:00,9983.582867
2026-09-19T15:02:32.525442+00:00,9983.582867
2026-09-19T15:03:32.525442+00:00,9983.582867
2026-09-19T15:04:32.525442+00:00,9983.582867
2026-09-19T15:05:32.525442+00:00,9983.582867
2026-09-19T15:06:32.525442+00:00,9983.582867
2026-09-19T15:07:32.525442+00:00,9983.582867
2026-09-19T15:08:32.525442+00:00,9983.582867
2026-09-19T15:09:32.525442+00:00,9983.582867
2026-09-19T15:10:32.525442+00:00,9983.582867
2026-09-19T15:11:32.525442+00:00,9983.582867
2026-09-19T15:12:32.525442+00:00,9983.582867
2026-09-19T15:13:32.525442+00:00,9983.582867
2026-09-19T15:14:32.525442+00:00,9983.582867
2026-09-19T15:15:32.525442+00:00,9983.582867
2026-09-19T15:16:32.525442+00:00,9980.922038
2026-09-19T15:17:32.525442+00:00,9976.576552
2026-09-19T15:18:32.525442+00:00,9988.322165
2026-09-19T15:19:32.525442+00:00,9974.365681
2026-09-19T15:20:32.525442+00:00,9977.012954
2026-09-19T15:21:32.525442+00:00,9962.875436
2026-09-19T15:22:32.525442+00:00,9962.868201
2026-09-19T15:23:32.525442+00:00,9965.957701
2026-09-19T15:24:32.525442+00:00,9969.569790
2026-09-19T15:25:32.525442+00:00,9965.082675
2026-09-19T15:26:32.525442+00:00,9975.340748
2026-09-19T15:27:32.525442+00:00,9974.919986
2026-09-19T15:28:32.525442+00:00,9974.441372
2026-09-19T15:29:32.525442+00:00,9962.540428
2026-09-19T15:30:32.525442+00:00,9963.355881
2026-09-19T15:31:32.525442+00:00,9970.146222
2026-09-19T15:32:32.525442+00:00,9968.683838
2026-09-19T15:33:32.525442+00:00,9960.252716
2026-09-19T15:34:32.525442+00:00,9960.252716
2026-09-19T15:35:32.525442+00:00,9960.252716
2026-09-19T15:36:32.525442+00:00,9960.252716
2026-09-19T15:37:32.525442+00:00,9960.252716
2026-09-19T15:38:32.525442+00:00,9960.252716
2026-09-19T15:39:32.525442+00:00,9960.252716
2026-09-19T15:40:32.525442+00:00,9960.252716
2026-09-19T15:41:32.525442+00:00,9960.252716
2026-09-19T15:42:32.525442+00:00,9960.252716
2026-09-19T15:43:32.525442+00:00,9960.252716
2026-09-19T15:44:32.525442+00:00,9960.252716
2026-09-19T15:45:32.525442+00:00,9960.252716
2026-09-19T15:46:32.525442+00:00,9960.252716
2026-09-19T15:47:32.525442+00:00,9960.252716
2026-09-19T15:48:32.525442+00:00,9960.252716
2026-09-19T15:49:32.525442+00:00,9960.252716
2026-09-19T15:50:32.525442+00:00,9960.252716
2026-09-19T15:51:32.525442+00:00,9960.252716
2026-09-19T15:52:32.525442+00:00,9960.252716
2026-09-19T15:53:32.525442+00:00,9960.252716
2026-09-19T15:54:32.525442+00:00,9960.252716
2026-09-19T15:55:32.525442+00:00,9960.252716
2026-09-19T15:56:32.525442+00:00,9960.252716
2026-09-19T15:57:32.525442+00:00,9960.252716
2026-09-19T15:58:32.525442+00:00,9960.252716
2026-09-19T15:59:32.525442+00:00,9960.252716
2026-09-19T16:00:32.525442+00:00,9960.252716
2026-09-19T16:01:32.525442+00:00,9960.252716
2026-09-19T16:02:32.525442+00:00,9960.252716
2026-09-19T16:03:32.525442+00:00,9960.252716
2026-09-19T16:04:32.525442+00:00,9960.252716
2026-09-19T16:05:32.525442+00:00,9960.252716
2026-09-19T16:06:32.525442+00:00,9960.252716
2026-09-19T16:07:32.525442+00:00,9960.252716
2026-09-19T16:08:32.525442+00:00,9960.252716
2026-09-19T16:09:32.525442+00:00,9960.252716
2026-09-19T16:10:32.525442+00:00,9960.252716
2026-09-19T16:11:32.525442+00:00,9960.252716
2026-09-19T16:12:32.525442+00:00,9960.252716
2026-09-19T16:13:32.525442+00:00,9960.252716
2026-09-19T16:14:32.525442+00:00,9960.252716
2026-09-19T16:15:32.525442+00:00,9960.252716
2026-09-19T16:16:32.525442+00:00,9960.252716
2026-09-19T16:17:32.525442+00:00,9960.252716
2026-09-19T16:18:32.525442+00:00,9960.252716
2026-09-19T16:19:32.525442+00:00,9960.252716
2026-09-19T16:20:32.525442+00:00,9960.252716
2026-09-19T16:21:32.525442+00:00,9960.252716
2026-09-19T16:22:32.525442+00:00,9960.252716
2026-09-19T16:23:32.525442+00:00,9960.252716
2026-09-19T16:24:32.525442+00:00,9960.252716
2026-09-19T16:25:32.525442+00:00,9960.252716
2026-09-19T16:26:32.525442+00:00,9960.252716
2026-09-19T16:27:32.525442+00:00,9960.252716
2026-09-19T16:28:32.525442+00:00,9960.252716
2026-09-19T16:29:32.525442+00:00,9960.252716
2026-09-19T16:30:32.525442+00:00,9960.252716
2026-09-19T16:31:32.525442+00:00,9960.252716
2026-09-19T16:32:32.525442+00:00,9960.252716
2026-09-19T16:33:32.525442+00:00,9960.252716
2026-09-19T16:34:32.525442+00:00,9960.252716
2026-09-19T16:35:32.525442+00:00,9960.252716
2026-09-19T16:36:32.525442+00:00,9960.252716
2026-09-19T16:37:32.525442+00:00,9960.252716
2026-09-19T16:38:32.525442+00:00,9960.252716
2026-09-19T16:39:32.525442+00:00,9960.252716
2026-09-19T16:40:32.525442+00:00,9960.252716
2026-09-19T16:41:32.525442+00:00,9960.252716
2026-09-19T16:42:32.525442+00:00,9960.252716
2026-09-19T16:43:32.525442+00:00,9960.252716
2026-09-19T16:44:32.525442+00:00,9960.252716
2026-09-19T16:45:32.525442+00:00,9960.252716
2026-09-19T16:46:32.525442+00:00,9960.252716
2026-09-19T16:47:32.525442+00:00,9960.252716
2026-09-19T16:48:32.525442+00:00,9960.252716
2026-09-19T16:49:32.525442+00:00,9960.252716
2026-09-19T16:50:32.525442+00:00,9960.252716
2026-09-19T16:51:32.525442+00:00,9960.252716
2026-09-19T16:52:32.525442+00:00,9960.252716
2026-09-19T16:53:32.525442+00:00,9960.252716
2026-09-19T16:54:32.525442+00:00,9960.252716
2026-09-19T16:55:32.525442+00:00,9960.252716
2026-09-19T16:56:32.525442+00:00,9960.252716
2026-09-19T16:57:32.525442+00:00,9960.252716
2026-09-19T16:58:32.525442+00:00,9960.252716
2026-09-19T16:59:32.525442+00:00,9960.252716
2026-09-19T17:00:32.525442+00:00,9960.252716
2026-09-19T17:01:32.525442+00:00,9960.252716
2026-09-19T17:02:32.525442+00:00,9960.252716
2026-09-19T17:03:32.525442+00:00,9960.252716
2026-09-19T17:04:32.525442+00:00,9960.252716
2026-09-19T17:05:32.525442+00:00,9960.252716
2026-09-19T17:06:32.525442+00:00,9960.252716
2026-09-19T17:07:32.525442+00:00,9960.252716
2026-09-19T17:08:32.525442+00:00,9960.252716
2026-09-19T17:09:32.525442+00:00,9960.252716
2026-09-19T17:10:32.525442+00:00,9960.252716
2026-09-19T17:11:32.525442+00:00,9960.252716
2026-09-19T17:12:32.525442+00:00,9960.252716
2026-09-19T17:13:32.525442+00:00,9960.252716
2026-09-19T17:14:32.525442+00:00,9960.252716
2026-09-19T17:15:32.525442+00:00,9960.252716
2026-09-19T17:16:32.525442+00:00,9960.252716
2026-09-19T17:17:32.525442+00:00,9960.252716
2026-09-19T17:18:32.525442+00:00,9960.252716
2026-09-19T17:19:32.525442+00:00,9960.252716
2026-09-19T17:20:32.525442+00:00,9960.252716
2026-09-19T17:21:32.525442+00:00,9960.252716
2026-09-19T17:22:32.525442+00:00,9960.252716
2026-09-19T17:23:32.525442+00:00,9960.252716
2026-09-19T17:24:32.525442+00:00,9960.252716
2026-09-19T17:25:32.525442+00:00,9960.252716
2026-09-19T17:26:32.525442+00:00,9960.252716
2026-09-19T17:27:32.525442+00:00,9960.252716
2026-09-19T17:28:32.525442+00:00,9960.252716
2026-09-19T17:29:32.525442+00:00,9960.252716
2026-09-19T17:30:32.525442+00:00,9960.252716
2026-09-19T17:31:32.525442+00:00,9960.252716
2026-09-19T17:32:32.525442+00:00,9960.252716
2026-09-19T17:33:32.525442+00:00,9960.252716
2026-09-19T17:34:32.525442+00:00,9960.252716
2026-09-19T17:35:32.525442+00:00,9960.252716
2026-09-19T17:36:32.525442+00:00,9960.252716
2026-09-19T17:37:32.525442+00:00,9960.252716
2026-09-19T17:38:32.525442+00:00,9960.252716
2026-09-19T17:39:32.525442+00:00,9960.252716
2026-09-19T17:40:32.525442+00:00,9960.252716
2026-09-19T17:41:32.525442+00:00,9960.252716
2026-09-19T17:42:32.525442+00:00,9960.252716
2026-09-19T17:43:32.525442+00:00,9960.252716
2026-09-19T17:44:32.525442+00:00,9960.252716
2026-09-19T17:45:32.525442+00:00,9960.252716
2026-09-19T17:46:32.525442+00:00,9960.252716
2026-09-19T17:47:32.525442+00:00,9960.252716
2026-09-19T17:48:32.525442+00:00,9960.252716
2026-09-19T17:49:32.525442+00:00,9960.252716
2026-09-19T17:50:32.525442+00:00,9960.252716
2026-09-19T17:51:32.525442+00:00,9960.252716
2026-09-19T17:52:32.525442+00:00,9960.252716
2026-09-19T17:53:32.525442+00:00,9960.252716
2026-09-19T17:54:32.525442+00:00,9960.252716
2026-09-19T17:55:32.525442+00:00,9960.252716
2026-09-19T17:56:32.525442+00:00,9960.252716
2026-09-19T17:57:32.525442+00:00,9960.252716
2026-09-19T17:58:32.525442+00:00,9960.252716
2026-09-19T17:59:32.525442+00:00,9960.252716
2026-09-19T18:00:32.525442+00:00,9960.252716
2026-09-19T18:01:32.525442+00:00,9960.252716
2026-09-19T18:02:32.525442+00:00,9960.252716
2026-09-19T18:03:32.525442+00:00,9960.252716
2026-09-19T18:04:32.525442+00:00,9960.252716
2026-09-19T18:05:32.525442+00:00,9960.252716
2026-09-19T18:06:32.525442+00:00,9960.252716
2026-09-19T18:07:32.525442+00:00,9960.252716
2026-09-19T18:08:32.525442+00:00,9960.252716
2026-09-19T18:09:32.525442+00:00,9960.252716
2026-09-19T18:10:32.525442+00:00,9960.252716
2026-09-19T18:11:32.525442+00:00,9960.252716
2026-09-19T18:12:32.525442+00:00,9960.252716
2026-09-19T18:13:32.525442+00:00,9960.252716
2026-09-19T18:14:32.525442+00:00,9960.252716
2026-09-19T18:15:32.525442+00:00,9960.252716
2026-09-19T18:16:32.525442+00:00,9960.252716
2026-09-19T18:17:32.525442+00:00,9960.252716
2026-09-19T18:18:32.525442+00:00,9960.252716
2026-09-19T18:19:32.525442+00:00,9960.252716
2026-09-19T18:20:32.525442+00:00,9960.252716
2026-09-19T18:21:32.525442+00:00,9960.252716
2026-09-19T18:22:32.525442+00:00,9960.252716
2026-09-19T18:23:32.525442+00:00,9960.252716
2026-09-19T18:24:32.525442+00:00,9960.252716
2026-09-19T18:25:32.525442+00:00,9960.252716
2026-09-19T18:26:32.525442+00:00,9960.252716
2026-09-19T18:27:32.525442+00:00,9960.252716
2026-09-19T18:28:32.525442+00:00,9960.252716
2026-09-19T18:29:32.525442+00:00,9960.252716
2026-09-19T18:30:32.525442+00:00,9960.252716
2026-09-19T18:31:32.525442+00:00,9960.252716
2026-09-19T18:32:32.525442+00:00,9960.252716
2026-09-19T18:33:32.525442+00:00,9960.252716
2026-09-19T18:34:32.525442+00:00,9960.252716
2026-09-19T18:35:32.525442+00:00,9960.252716
2026-09-19T18:36:32.525442+00:00,9960.252716
2026-09-19T18:37:32.525442+00:00,9960.252716
2026-09-19T18:38:32.525442+00:00,9960.252716
2026-09-19T18:39:32.525442+00:00,9960.252716
2026-09-19T18:40:32.525442+00:00,9960.252716
2026-09-19T18:41:32.525442+00:00,9960.252716
2026-09-19T18:42:32.525442+00:00,9960.252716
2026-09-19T18:43:32.525442+00:00,9960.252716
2026-09-19T18:44:32.525442+00:00,9960.252716
2026-09-19T18:45:32.525442+00:00,9960.252716
2026-09-19T18:46:32.525442+00:00,9960.252716
2026-09-19T18:47:32.525442+00:00,9960.252716
2026-09-19T18:48:32.525442+00:00,9960.252716
2026-09-19T18:49:32.525442+00:00,9960.252716
2026-09-19T18:50:32.525442+00:00,9960.252716
2026-09-19T18:51:32.525442+00:00,9960.252716
2026-09-19T18:52:32.525442+00:00,9960.252716
2026-09-19T18:53:32.525442+00:00,9960.252716
2026-09-19T18:54:32.525442+00:00,9960.252716
2026-09-19T18:55:32.525442+00:00,9960.252716
2026-09-19T18:56:32.525442+00:00,9960.252716
2026-09-19T18:57:32.525442+00:00,9960.252716
2026-09-19T18:58:32.525442+00:00,9960.252716
2026-09-19T18:59:32.525442+00:00,9960.252716
2026-09-19T19:00:32.525442+00:00,9960.252716
2026-09-19T19:01:32.525442+00:00,9960.252716
2026-09-19T19:02:32.525442+00:00,9960.252716
2026-09-19T19:03:32.525442+00:00,9960.252716
2026-09-19T19:04:32.525442+00:00,9960.252716
2026-09-19T19:05:32.525442+00:00,9960.252716
2026-09-19T19:06:32.525442+00:00,9960.252716
2026-09-19T19:07:32.525442+00:00,9960.252716
2026-09-19T19:08:32.525442+00:00,9960.252716
2026-09-19T19:09:32.525442+00:00,9960.252716
2026-09-19T19:10:32.525442+00:00,9960.252716
2026-09-19T19:11:32.525442+00:00,9960.252716
2026-09-19T19:12:32.525442+00:00,9960.252716
2026-09-19T19:13:32.525442+00:00,9960.252716
2026-09-19T19:14:32.525442+00:00,9960.252716
2026-09-19T19:15:32.525442+00:00,9960.252716
2026-09-19T19:16:32.525442+00:00,9960.252716
2026-09-19T19:17:32.525442+00:00,9960.252716
2026-09-19T19:18:32.525442+00:00,9960.252716
2026-09-19T19:19:32.525442+00:00,9960.252716
2026-09-19T19:20:32.525442+00:00,9960.252716
2026-09-19T19:21:32.525442+00:00,9960.252716
2026-09-19T19:22:32.525442+00:00,9960.252716
2026-09-19T19:23:32.525442+00:00,9960.252716
2026-09-19T19:24:32.525442+00:00,9960.252716
2026-09-19T19:25:32.525442+00:00,9960.252716
2026-09-19T19:26:32.525442+00:00,9960.252716
2026-09-19T19:27:32.525442+00:00,9960.252716
2026-09-19T19:28:32.525442+00:00,9960.252716
2026-09-19T19:29:32.525442+00:00,9960.252716
2026-09-19T19:30:32.525442+00:00,9960.252716
2026-09-19T19:31:32.525442+00:00,9960.252716
2026-09-19T19:32:32.525442+00:00,9960.252716
2026-09-19T19:33:32.525442+00:00,9960.252716
2026-09-19T19:34:32.525442+00:00,9960.252716
2026-09-19T19:35:32.525442+00:00,9960.252716
2026-09-19T19:36:32.525442+00:00,9960.252716
2026-09-19T19:37:32.525442+00:00,9960.252716
2026-09-19T19:38:32.525442+00:00,9960.252716
2026-09-19T19:39:32.525442+00:00,9960.252716
2026-09-19T19:40:32.525442+00:00,9960.252716
2026-09-19T19:41:32.525442+00:00,9960.252716
2026-09-19T19:42:32.525442+00:00,9960.252716
2026-09-19T19:43:32.525442+00:00,9960.252716
2026-09-19T19:44:32.525442+00:00,9960.252716
2026-09-19T19:45:32.525442+00:00,9960.252716
2026-09-19T19:46:32.525442+00:00,9960.252716
2026-09-19T19:47:32.525442+00:00,9960.252716
2026-09-19T19:48:32.525442+00:00,9960.252716
2026-09-19T19:49:32.525442+00:00,9960.252716
2026-09-19T19:50:32.525442+00:00,9960.252716
2026-09-19T19:51:32.525442+00:00,9960.252716
2026-09-19T19:52:32.525442+00:00,9960.252716
2026-09-19T19:53:32.525442+00:00,9960.252716
2026-09-19T19:54:32.525442+00:00,9960.252716
2026-09-19T19:55:32.525442+00:00,9960.252716
2026-09-19T19:56:32.525442+00:00,9960.252716
2026-09-19T19:57:32.525442+00:00,9960.252716
2026-09-19T19:58:32.525442+00:00,9960.252716
2026-09-19T19:59:32.525442+00:00,9957.772234
2026-09-19T20:00:32.525442+00:00,9942.217108
2026-09-19T20:01:32.525442+00:00,9950.509993
2026-09-19T20:02:32.525442+00:00,9948.750419
2026-09-19T20:03:32.525442+00:00,9940.326167
2026-09-19T20:04:32.525442+00:00,9942.485479
2026-09-19T20:05:32.525442+00:00,9952.389507
2026-09-19T20:06:32.525442+00:00,9952.061396
2026-09-19T20:07:32.525442+00:00,9964.568445
2026-09-19T20:08:32.525442+00:00,9965.367742
2026-09-19T20:09:32.525442+00:00,9979.113559
2026-09-19T20:10:32.525442+00:00,9986.290558
2026-09-19T20:11:32.525442+00:00,9995.991951
2026-09-19T20:12:32.525442+00:00,9992.683494
2026-09-19T20:13:32.525442+00:00,9995.923728
2026-09-19T20:14:32.525442+00:00,9992.658826
2026-09-19T20:15:32.525442+00:00,10004.631860
2026-09-19T20:16:32.525442+00:00,10014.191752
2026-09-19T20:17:32.525442+00:00,10012.285286
2026-09-19T20:18:32.525442+00:00,10011.802320
2026-09-19T20:19:32.525442+00:00,10022.851148
2026-09-19T20:20:32.525442+00:00,10014.554488
2026-09-19T20:21:32.525442+00:00,10016.153866
2026-09-19T20:22:32.525442+00:00,10025.049732
2026-09-19T20:23:32.525442+00:00,10018.214254
2026-09-19T20:24:32.525442+00:00,10018.141890
2026-09-19T20:25:32.525442+00:00,10008.055660
2026-09-19T20:26:32.525442+00:00,10010.677788
2026-09-19T20:27:32.525442+00:00,10006.698464
2026-09-19T20:28:32.525442+00:00,10003.300000
2026-09-19T20:29:32.525442+00:00,9998.026410
2026-09-19T20:30:32.525442+00:00,10004.011763
2026-09-19T20:31:32.525442+00:00,10003.253549
2026-09-19T20:32:32.525442+00:00,10007.497864
2026-09-19T20:33:32.525442+00:00,10006.907522
2026-09-19T20:34:32.525442+00:00,10011.903346
2026-09-19T20:35:32.525442+00:00,10019.247166
2026-09-19T20:36:32.525442+00:00,10029.333446
2026-09-19T20:37:32.525442+00:00,10018.449124
2026-09-19T20:38:32.525442+00:00,10017.316265
2026-09-19T20:39:32.525442+00:00,10008.944763
2026-09-19T20:40:32.525442+00:00,10015.212061
2026-09-19T20:41:32.525442+00:00,10009.383702
2026-09-19T20:42:32.525442+00:00,10011.326403
2026-09-19T20:43:32.525442+00:00,10014.807894
2026-09-19T20:44:32.525442+00:00,10015.274475
2026-09-19T20:45:32.525442+00:00,10012.800742
2026-09-19T20:46:32.525442+00:00,10009.428191
2026-09-19T20:47:32.525442+00:00,10008.252122
2026-09-19T20:48:32.525442+00:00,9991.556680
2026-09-19T20:49:32.525442+00:00,9991.556680
2026-09-19T20:50:32.525442+00:00,9991.556680
2026-09-19T20:51:32.525442+00:00,9991.556680
2026-09-19T20:52:32.525442+00:00,9991.556680
2026-09-19T20:53:32.525442+00:00,9991.556680
2026-09-19T20:54:32.525442+00:00,9991.556680
2026-09-19T20:55:32.525442+00:00,9991.556680
2026-09-19T20:56:32.525442+00:00,9991.556680
2026-09-19T20:57:32.525442+00:00,9991.556680
2026-09-19T20:58:32.525442+00:00,9991.556680
2026-09-19T20:59:32.525442+00:00,9991.556680
2026-09-19T21:00:32.525442+00:00,9991.556680
2026-09-19T21:01:32.525442+00:00,9991.556680
2026-09-19T21:02:32.525442+00:00,9991.556680
2026-09-19T21:03:32.525442+00:00,9991.556680
2026-09-19T21:04:32.525442+00:00,9988.964834
2026-09-19T21:05:32.525442+00:00,9992.921095
2026-09-19T21:06:32.525442+00:00,9988.238479
2026-09-19T21:07:32.525442+00:00,9968.629070
2026-09-19T21:08:32.525442+00:00,9968.629070
2026-09-19T21:09:32.525442+00:00,9968.629070
2026-09-19T21:10:32.525442+00:00,9968.629070
2026-09-19T21:11:32.525442+00:00,9968.629070
2026-09-19T21:12:32.525442+00:00,9968.629070
2026-09-19T21:13:32.525442+00:00,9968.629070
2026-09-19T21:14:32.525442+00:00,9968.629070
2026-09-19T21:15:32.525442+00:00,9968.629070
2026-09-19T21:16:32.525442+00:00,9968.629070
2026-09-19T21:17:32.525442+00:00,9968.629070
2026-09-19T21:18:32.525442+00:00,9968.629070
2026-09-19T21:19:32.525442+00:00,9968.629070
2026-09-19T21:20:32.525442+00:00,9968.629070
2026-09-19T21:21:32.525442+00:00,9968.629070
2026-09-19T21:22:32.525442+00:00,9966.022693
2026-09-19T21:23:32.525442+00:00,9965.496007
2026-09-19T21:24:32.525442+00:00,9952.953724
2026-09-19T21:25:32.525442+00:00,9946.760902
2026-09-19T21:26:32.525442+00:00,9937.023209
2026-09-19T21:27:32.525442+00:00,9937.023209
2026-09-19T21:28:32.525442+00:00,9937.023209
2026-09-19T21:29:32.525442+00:00,9937.023209
2026-09-19T21:30:32.525442+00:00,9937.023209
2026-09-19T21:31:32.525442+00:00,9937.023209
2026-09-19T21:32:32.525442+00:00,9937.023209
2026-09-19T21:33:32.525442+00:00,9937.023209
2026-09-19T21:34:32.525442+00:00,9937.023209
2026-09-19T21:35:32.525442+00:00,9937.023209
2026-09-19T21:36:32.525442+00:00,9937.023209
2026-09-19T21:37:32.525442+00:00,9937.023209
2026-09-19T21:38:32.525442+00:00,9937.023209
2026-09-19T21:39:32.525442+00:00,9937.023209
2026-09-19T21:40:32.525442+00:00,9937.023209
2026-09-19T21:41:32.525442+00:00,9937.023209
2026-09-19T21:42:32.525442+00:00,9937.023209
2026-09-19T21:43:32.525442+00:00,9937.023209
2026-09-19T21:44:32.525442+00:00,9937.023209
2026-09-19T21:45:32.525442+00:00,9937.023209
2026-09-19T21:46:32.525442+00:00,9937.023209
2026-09-19T21:47:32.525442+00:00,9937.023209
2026-09-19T21:48:32.525442+00:00,9937.023209
2026-09-19T21:49:32.525442+00:00,9937.023209
2026-09-19T21:50:32.525442+00:00,9937.023209
2026-09-19T21:51:32.525442+00:00,9937.023209
2026-09-19T21:52:32.525442+00:00,9937.023209
2026-09-19T21:53:32.525442+00:00,9937.023209
2026-09-19T21:54:32.525442+00:00,9937.023209
2026-09-19T21:55:32.525442+00:00,9937.023209
2026-09-19T21:56:32.525442+00:00,9937.023209
2026-09-19T21:57:32.525442+00:00,9937.023209
2026-09-19T21:58:32.525442+00:00,9937.023209
2026-09-19T21:59:32.525442+00:00,9937.023209
2026-09-19T22:00:32.525442+00:00,9937.023209
2026-09-19T22:01:32.525442+00:00,9937.023209
2026-09-19T22:02:32.525442+00:00,9937.023209
2026-09-19T22:03:32.525442+00:00,9937.023209
2026-09-19T22:04:32.525442+00:00,9937.023209
2026-09-19T22:05:32.525442+00:00,9937.023209
2026-09-19T22:06:32.525442+00:00,9937.023209
2026-09-19T22:07:32.525442+00:00,9937.023209
2026-09-19T22:08:32.525442+00:00,9937.023209
2026-09-19T22:09:32.525442+00:00,9937.023209
2026-09-19T22:10:32.525442+00:00,9937.023209
2026-09-19T22:11:32.525442+00:00,9937.023209
2026-09-19T22:12:32.525442+00:00,9937.023209
2026-09-19T22:13:32.525442+00:00,9937.023209
2026-09-19T22:14:32.525442+00:00,9937.023209
2026-09-19T22:15:32.525442+00:00,9937.023209
2026-09-19T22:16:32.525442+00:00,9937.023209
2026-09-19T22:17:32.525442+00:00,9937.023209
2026-09-19T22:18:32.525442+00:00,9937.023209
2026-09-19T22:19:32.525442+00:00,9937.023209
2026-09-19T22:20:32.525442+00:00,9937.023209
2026-09-19T22:21:32.525442+00:00,9937.023209
2026-09-19T22:22:32.525442+00:00,9937.023209
2026-09-19T22:23:32.525442+00:00,9937.023209
2026-09-19T22:24:32.525442+00:00,9937.023209
2026-09-19T22:25:32.525442+00:00,9937.023209
2026-09-19T22:26:32.525442+00:00,9937.023209
2026-09-19T22:27:32.525442+00:00,9937.023209
2026-09-19T22:28:32.525442+00:00,9937.023209
2026-09-19T22:29:32.525442+00:00,9937.023209
2026-09-19T22:30:32.525442+00:00,9937.023209
2026-09-19T22:31:32.525442+00:00,9937.023209
2026-09-19T22:32:32.525442+00:00,9937.023209
2026-09-19T22:33:32.525442+00:00,9937.023209
2026-09-19T22:34:32.525442+00:00,9937.023209
2026-09-19T22:35:32.525442+00:00,9937.023209
2026-09-19T22:36:32.525442+00:00,9937.023209
2026-09-19T22:37:32.525442+00:00,9937.023209
2026-09-19T22:38:32.525442+00:00,9937.023209
2026-09-19T22:39:32.525442+00:00,9937.023209
2026-09-19T22:40:32.525442+00:00,9937.023209
2026-09-19T22:41:32.525442+00:00,9937.023209
2026-09-19T22:42:32.525442+00:00,9937.023209
2026-09-19T22:43:32.525442+00:00,9937.023209
2026-09-19T22:44:32.525442+00:00,9937.023209
2026-09-19T22:45:32.525442+00:00,9937.023209
2026-09-19T22:46:32.525442+00:00,9937.023209
2026-09-19T22:47:32.525442+00:00,9937.023209
2026-09-19T22:48:32.525442+00:00,9937.023209
2026-09-19T22:49:32.525442+00:00,9937.023209
2026-09-19T22:50:32.525442+00:00,9937.023209
2026-09-19T22:51:32.525442+00:00,9937.023209
2026-09-19T22:52:32.525442+00:00,9937.023209
2026-09-19T22:53:32.525442+00:00,9937.023209
2026-09-19T22:54:32.525442+00:00,9937.023209
2026-09-19T22:55:32.525442+00:00,9937.023209
2026-09-19T22:56:32.525442+00:00,9937.023209
2026-09-19T22:57:32.525442+00:00,9937.023209
2026-09-19T22:58:32.525442+00:00,9937.023209
2026-09-19T22:59:32.525442+00:00,9937.023209
2026-09-19T23:00:32.525442+00:00,9937.023209
2026-09-19T23:01:32.525442+00:00,9937.023209
2026-09-19T23:02:32.525442+00:00,9937.023209
2026-09-19T23:03:32.525442+00:00,9937.023209
2026-09-19T23:04:32.525442+00:00,9937.023209
2026-09-19T23:05:32.525442+00:00,9937.023209
2026-09-19T23:06:32.525442+00:00,9937.023209
2026-09-19T23:07:32.525442+00:00,9937.023209
2026-09-19T23:08:32.525442+00:00,9937.023209
2026-09-19T23:09:32.525442+00:00,9937.023209
2026-09-19T23:10:32.525442+00:00,9937.023209
2026-09-19T23:11:32.525442+00:00,9937.023209
2026-09-19T23:12:32.525442+00:00,9937.023209
2026-09-19T23:13:32.525442+00:00,9937.023209
2026-09-19T23:14:32.525442+00:00,9937.023209
2026-09-19T23:15:32.525442+00:00,9937.023209
2026-09-19T23:16:32.525442+00:00,9937.023209
2026-09-19T23:17:32.525442+00:00,9937.023209
2026-09-19T23:18:32.525442+00:00,9937.023209
2026-09-19T23:19:32.525442+00:00,9937.023209
2026-09-19T23:20:32.525442+00:00,9937.023209
2026-09-19T23:21:32.525442+00:00,9937.023209
2026-09-19T23:22:32.525442+00:00,9937.023209
2026-09-19T23:23:32.525442+00:00,9937.023209
2026-09-19T23:24:32.525442+00:00,9937.023209
2026-09-19T23:25:32.525442+00:00,9937.023209
2026-09-19T23:26:32.525442+00:00,9937.023209
2026-09-19T23:27:32.525442+00:00,9937.023209
2026-09-19T23:28:32.525442+00:00,9937.023209
2026-09-19T23:29:32.525442+00:00,9937.023209
2026-09-19T23:30:32.525442+00:00,9937.023209
2026-09-19T23:31:32.525442+00:00,9937.023209
2026-09-19T23:32:32.525442+00:00,9937.023209
2026-09-19T23:33:32.525442+00:00,9937.023209
2026-09-19T23:34:32.525442+00:00,9937.023209
2026-09-19T23:35:32.525442+00:00,9937.023209
2026-09-19T23:36:32.525442+00:00,9937.023209
2026-09-19T23:37:32.525442+00:00,9937.023209
2026-09-19T23:38:32.525442+00:00,9937.023209
2026-09-19T23:39:32.525442+00:00,9937.023209
2026-09-19T23:40:32.525442+00:00,9937.023209
2026-09-19T23:41:32.525442+00:00,9937.023209
2026-09-19T23:42:32.525442+00:00,9937.023209
2026-09-19T23:43:32.525442+00:00,9937.023209
2026-09-19T23:44:32.525442+00:00,9937.023209
2026-09-19T23:45:32.525442+00:00,9937.023209
2026-09-19T23:46:32.525442+00:00,9937.023209
2026-09-19T23:47:32.525442+00:00,9937.023209
2026-09-19T23:48:32.525442+00:00,9937.023209
2026-09-19T23:49:32.525442+00:00,9937.023209
2026-09-19T23:50:32.525442+00:00,9937.023209
2026-09-19T23:51:32.525442+00:00,9937.023209
2026-09-19T23:52:32.525442+00:00,9937.023209
2026-09-19T23:53:32.525442+00:00,9937.023209
2026-09-19T23:54:32.525442+00:00,9937.023209
2026-09-19T23:55:32.525442+00:00,9937.023209
2026-09-19T23:56:32.525442+00:00,9937.023209
2026-09-19T23:57:32.525442+00:00,9937.023209
2026-09-19T23:58:32.525442+00:00,9937.023209
2026-09-19T23:59:32.525442+00:00,9937.023209
2026-09-20T00:00:32.525442+00:00,9937.023209
2026-09-20T00:01:32.525442+00:00,9937.023209
2026-09-20T00:02:32.525442+00:00,9937.023209
2026-09-20T00:03:32.525442+00:00,9937.023209
2026-09-20T00:04:32.525442+00:00,9937.023209
2026-09-20T00:05:32.525442+00:00,9937.023209
2026-09-20T00:06:32.525442+00:00,9937.023209
2026-09-20T00:07:32.525442+00:00,9937.023209
2026-09-20T00:08:32.525442+00:00,9937.023209
2026-09-20T00:09:32.525442+00:00,9937.023209
2026-09-20T00:10:32.525442+00:00,9937.023209
2026-09-20T00:11:32.525442+00:00,9937.023209
2026-09-20T00:12:32.525442+00:00,9937.023209
2026-09-20T00:13:32.525442+00:00,9937.023209
2026-09-20T00:14:32.525442+00:00,9937.023209
2026-09-20T00:15:32.525442+00:00,9937.023209
2026-09-20T00:16:32.525442+00:00,9937.023209
2026-09-20T00:17:32.525442+00:00,9937.023209
2026-09-20T00:18:32.525442+00:00,9937.023209
2026-09-20T00:19:32.525442+00:00,9937.023209
2026-09-20T00:20:32.525442+00:00,9937.023209
2026-09-20T00:21:32.525442+00:00,9937.023209
2026-09-20T00:22:32.525442+00:00,9937.023209
2026-09-20T00:23:32.525442+00:00,9937.023209
2026-09-20T00:24:32.525442+00:00,9937.023209
2026-09-20T00:25:32.525442+00:00,9937.023209
2026-09-20T00:26:32.525442+00:00,9937.023209
2026-09-20T00:27:32.525442+00:00,9937.023209
2026-09-20T00:28:32.525442+00:00,9937.023209
2026-09-20T00:29:32.525442+00:00,9937.023209
2026-09-20T00:30:32.525442+00:00,9937.023209
2026-09-20T00:31:32.525442+00:00,9937.023209
2026-09-20T00:32:32.525442+00:00,9937.023209
2026-09-20T00:33:32.525442+00:00,9937.023209
2026-09-20T00:34:32.525442+00:00,9937.023209
2026-09-20T00:35:32.525442+00:00,9937.023209
2026-09-20T00:36:32.525442+00:00,9937.023209
2026-09-20T00:37:32.525442+00:00,9937.023209
2026-09-20T00:38:32.525442+00:00,9937.023209
2026-09-20T00:39:32.525442+00:00,9937.023209
2026-09-20T00:40:32.525442+00:00,9937.023209
2026-09-20T00:41:32.525442+00:00,9937.023209
2026-09-20T00:42:32.525442+00:00,9937.023209
2026-09-20T00:43:32.525442+00:00,9937.023209
2026-09-20T00:44:32.525442+00:00,9937.023209
2026-09-20T00:45:32.525442+00:00,9937.023209
2026-09-20T00:46:32.525442+00:00,9937.023209
2026-09-20T00:47:32.525442+00:00,9937.023209
2026-09-20T00:48:32.525442+00:00,9937.023209
2026-09-20T00:49:32.525442+00:00,9937.023209
2026-09-20T00:50:32.525442+00:00,9937.023209
2026-09-20T00:51:32.525442+00:00,9937.023209
2026-09-20T00:52:32.525442+00:00,9937.023209
2026-09-20T00:53:32.525442+00:00,9937.023209
2026-09-20T00:54:32.525442+00:00,9937.023209
2026-09-20T00:55:32.525442+00:00,9937.023209
2026-09-20T00:56:32.525442+00:00,9937.023209
2026-09-20T00:57:32.525442+00:00,9937.023209
2026-09-20T00:58:32.525442+00:00,9937.023209
2026-09-20T00:59:32.525442+00:00,9937.023209
2026-09-20T01:00:32.525442+00:00,9937.023209
2026-09-20T01:01:32.525442+00:00,9937.023209
2026-09-20T01:02:32.525442+00:00,9937.023209
2026-09-20T01:03:32.525442+00:00,9937.023209
2026-09-20T01:04:32.525442+00:00,9937.023209
2026-09-20T01:05:32.525442+00:00,9937.023209
2026-09-20T01:06:32.525442+00:00,9937.023209
2026-09-20T01:07:32.525442+00:00,9937.023209
2026-09-20T01:08:32.525442+00:00,9937.023209
2026-09-20T01:09:32.525442+00:00,9937.023209
2026-09-20T01:10:32.525442+00:00,9937.023209
2026-09-20T01:11:32.525442+00:00,9937.023209
2026-09-20T01:12:32.525442+00:00,9937.023209
2026-09-20T01:13:32.525442+00:00,9937.023209
2026-09-20T01:14:32.525442+00:00,9937.023209
2026-09-20T01:15:32.525442+00:00,9937.023209
2026-09-20T01:16:32.525442+00:00,9937.023209
2026-09-20T01:17:32.525442+00:00,9937.023209
2026-09-20T01:18:32.525442+00:00,9937.023209
2026-09-20T01:19:32.525442+00:00,9937.023209
2026-09-20T01:20:32.525442+00:00,9937.023209
2026-09-20T01:21:32.525442+00:00,9937.023209
2026-09-20T01:22:32.525442+00:00,9937.023209
2026-09-20T01:23:32.525442+00:00,9937.023209
2026-09-20T01:24:32.525442+00:00,9937.023209
2026-09-20T01:25:32.525442+00:00,9937.023209
2026-09-20T01:26:32.525442+00:00,9937.023209
2026-09-20T01:27:32.525442+00:00,9937.023209
2026-09-20T01:28:32.525442+00:00,9937.023209
2026-09-20T01:29:32.525442+00:00,9937.023209
2026-09-20T01:30:32.525442+00:00,9937.023209
2026-09-20T01:31:32.525442+00:00,9937.023209
2026-09-20T01:32:32.525442+00:00,9937.023209
2026-09-20T01:33:32.525442+00:00,9937.023209
2026-09-20T01:34:32.525442+00:00,9937.023209
2026-09-20T01:35:32.525442+00:00,9937.023209
2026-09-20T01:36:32.525442+00:00,9937.023209
2026-09-20T01:37:32.525442+00:00,9937.023209
2026-09-20T01:38:32.525442+00:00,9937.023209
2026-09-20T01:39:32.525442+00:00,9937.023209
2026-09-20T01:40:32.525442+00:00,9937.023209
2026-09-20T01:41:32.525442+00:00,9937.023209
2026-09-20T01:42:32.525442+00:00,9937.023209
2026-09-20T01:43:32.525442+00:00,9937.023209
2026-09-20T01:44:32.525442+00:00,9937.023209
2026-09-20T01:45:32.525442+00:00,9937.023209
2026-09-20T01:46:32.525442+00:00,9937.023209
2026-09-20T01:47:32.525442+00:00,9937.023209
2026-09-20T01:48:32.525442+00:00,9937.023209
2026-09-20T01:49:32.525442+00:00,9937.023209
2026-09-20T01:50:32.525442+00:00,9937.023209
2026-09-20T01:51:32.525442+00:00,9937.023209
2026-09-20T01:52:32.525442+00:00,9937.023209
2026-09-20T01:53:32.525442+00:00,9937.023209
2026-09-20T01:54:32.525442+00:00,9937.023209
2026-09-20T01:55:32.525442+00:00,9937.023209
2026-09-20T01:56:32.525442+00:00,9937.023209
2026-09-20T01:57:32.525442+00:00,9937.023209
2026-09-20T01:58:32.525442+00:00,9937.023209
2026-09-20T01:59:32.525442+00:00,9937.023209
2026-09-20T02:00:32.525442+00:00,9937.023209
2026-09-20T02:01:32.525442+00:00,9937.023209
2026-09-20T02:02:32.525442+00:00,9937.023209
2026-09-20T02:03:32.525442+00:00,9937.023209
2026-09-20T02:04:32.525442+00:00,9937.023209
2026-09-20T02:05:32.525442+00:00,9937.023209
2026-09-20T02:06:32.525442+00:00,9937.023209
2026-09-20T02:07:32.525442+00:00,9937.023209
2026-09-20T02:08:32.525442+00:00,9937.023209
2026-09-20T02:09:32.525442+00:00,9937.023209
2026-09-20T02:10:32.525442+00:00,9937.023209
2026-09-20T02:11:32.525442+00:00,9937.023209
2026-09-20T02:12:32.525442+00:00,9937.023209
2026-09-20T02:13:32.525442+00:00,9937.023209
2026-09-20T02:14:32.525442+00:00,9937.023209
2026-09-20T02:15:32.525442+00:00,9937.023209
2026-09-20T02:16:32.525442+00:00,9937.023209
2026-09-20T02:17:32.525442+00:00,9937.023209
2026-09-20T02:18:32.525442+00:00,9937.023209
2026-09-20T02:19:32.525442+00:00,9937.023209
2026-09-20T02:20:32.525442+00:00,9937.023209
2026-09-20T02:21:32.525442+00:00,9937.023209
2026-09-20T02:22:32.525442+00:00,9937.023209
2026-09-20T02:23:32.525442+00:00,9937.023209
2026-09-20T02:24:32.525442+00:00,9937.023209
2026-09-20T02:25:32.525442+00:00,9937.023209
2026-09-20T02:26:32.525442+00:00,9937.023209
2026-09-20T02:27:32.525442+00:00,9937.023209
2026-09-20T02:28:32.525442+00:00,9937.023209
2026-09-20T02:29:32.525442+00:00,9937.023209
2026-09-20T02:30:32.525442+00:00,9937.023209
2026-09-20T02:31:32.525442+00:00,9937.023209
2026-09-20T02:32:32.525442+00:00,9937.023209
2026-09-20T02:33:32.525442+00:00,9937.023209
2026-09-20T02:34:32.525442+00:00,9937.023209
2026-09-20T02:35:32.525442+00:00,9937.023209
2026-09-20T02:36:32.525442+00:00,9934.520173
2026-09-20T02:37:32.525442+00:00,9936.273639
2026-09-20T02:38:32.525442+00:00,9930.795795
2026-09-20T02:39:32.525442+00:00,9923.375873
2026-09-20T02:40:32.525442+00:00,9922.816173
2026-09-20T02:41:32.525442+00:00,9922.415991
2026-09-20T02:42:32.525442+00:00,9924.172986
2026-09-20T02:43:32.525442+00:00,9931.176131
2026-09-20T02:44:32.525442+00:00,9934.049540
2026-09-20T02:45:32.525442+00:00,9930.192495
2026-09-20T02:46:32.525442+00:00,9926.377503
2026-09-20T02:47:32.525442+00:00,9930.043430
2026-09-20T02:48:32.525442+00:00,9934.080229
2026-09-20T02:49:32.525442+00:00,9930.915260
2026-09-20T02:50:32.525442+00:00,9928.871829
2026-09-20T02:51:32.525442+00:00,9914.606151
2026-09-20T02:52:32.525442+00:00,9914.606151
2026-09-20T02:53:32.525442+00:00,9914.606151
2026-09-20T02:54:32.525442+00:00,9914.606151
2026-09-20T02:55:32.525442+00:00,9914.606151
2026-09-20T02:56:32.525442+00:00,9914.606151
2026-09-20T02:57:32.525442+00:00,9914.606151
2026-09-20T02:58:32.525442+00:00,9914.606151
2026-09-20T02:59:32.525442+00:00,9914.606151
2026-09-20T03:00:32.525442+00:00,9914.606151
2026-09-20T03:01:32.525442+00:00,9914.606151
2026-09-20T03:02:32.525442+00:00,9914.606151
2026-09-20T03:03:32.525442+00:00,9914.606151
2026-09-20T03:04:32.525442+00:00,9914.606151
2026-09-20T03:05:32.525442+00:00,9914.606151
2026-09-20T03:06:32.525442+00:00,9914.606151
2026-09-20T03:07:32.525442+00:00,9914.606151
2026-09-20T03:08:32.525442+00:00,9914.606151
2026-09-20T03:09:32.525442+00:00,9914.606151
2026-09-20T03:10:32.525442+00:00,9914.606151
2026-09-20T03:11:32.525442+00:00,9914.606151
2026-09-20T03:12:32.525442+00:00,9914.606151
2026-09-20T03:13:32.525442+00:00,9914.606151
2026-09-20T03:14:32.525442+00:00,9914.606151
2026-09-20T03:15:32.525442+00:00,9914.606151
2026-09-20T03:16:32.525442+00:00,9914.606151
2026-09-20T03:17:32.525442+00:00,9914.606151
2026-09-20T03:18:32.525442+00:00,9914.606151
2026-09-20T03:19:32.525442+00:00,9914.606151
2026-09-20T03:20:32.525442+00:00,9914.606151
2026-09-20T03:21:32.525442+00:00,9914.606151
2026-09-20T03:22:32.525442+00:00,9914.606151
2026-09-20T03:23:32.525442+00:00,9914.606151
2026-09-20T03:24:32.525442+00:00,9914.606151
2026-09-20T03:25:32.525442+00:00,9914.606151
2026-09-20T03:26:32.525442+00:00,9914.606151
2026-09-20T03:27:32.525442+00:00,9914.606151
2026-09-20T03:28:32.525442+00:00,9914.606151
2026-09-20T03:29:32.525442+00:00,9914.606151
2026-09-20T03:30:32.525442+00:00,9914.606151
2026-09-20T03:31:32.525442+00:00,9914.606151
2026-09-20T03:32:32.525442+00:00,9914.606151
2026-09-20T03:33:32.525442+00:00,9914.606151
2026-09-20T03:34:32.525442+00:00,9914.606151
2026-09-20T03:35:32.525442+00:00,9914.606151
2026-09-20T03:36:32.525442+00:00,9914.606151
2026-09-20T03:37:32.525442+00:00,9914.606151
2026-09-20T03:38:32.525442+00:00,9914.606151
2026-09-20T03:39:32.525442+00:00,9914.606151
2026-09-20T03:40:32.525442+00:00,9914.606151
2026-09-20T03:41:32.525442+00:00,9914.606151
2026-09-20T03:42:32.525442+00:00,9914.606151
2026-09-20T03:43:32.525442+00:00,9914.606151
2026-09-20T03:44:32.525442+00:00,9914.606151
2026-09-20T03:45:32.525442+00:00,9912.101121
2026-09-20T03:46:32.525442+00:00,9916.946223
2026-09-20T03:47:32.525442+00:00,9910.515460
2026-09-20T03:48:32.525442+00:00,9906.290273
2026-09-20T03:49:32.525442+00:00,9909.998353
2026-09-20T03:50:32.525442+00:00,9903.755386
2026-09-20T03:51:32.525442+00:00,9907.004448
2026-09-20T03:52:32.525442+00:00,9907.925436
2026-09-20T03:53:32.525442+00:00,9910.623550
2026-09-20T03:54:32.525442+00:00,9907.967017
2026-09-20T03:55:32.525442+00:00,9903.733405
2026-09-20T03:56:32.525442+00:00,9897.605400
2026-09-20T03:57:32.525442+00:00,9898.633489
2026-09-20T03:58:32.525442+00:00,9900.540332
2026-09-20T03:59:32.525442+00:00,9887.845064
2026-09-20T04:00:32.525442+00:00,9887.845064
2026-09-20T04:01:32.525442+00:00,9887.845064
2026-09-20T04:02:32.525442+00:00,9887.845064
2026-09-20T04:03:32.525442+00:00,9887.845064
2026-09-20T04:04:32.525442+00:00,9887.845064
2026-09-20T04:05:32.525442+00:00,9887.845064
2026-09-20T04:06:32.525442+00:00,9887.845064
2026-09-20T04:07:32.525442+00:00,9887.845064
2026-09-20T04:08:32.525442+00:00,9887.845064
2026-09-20T04:09:32.525442+00:00,9887.845064
2026-09-20T04:10:32.525442+00:00,9887.845064
2026-09-20T04:11:32.525442+00:00,9887.845064
2026-09-20T04:12:32.525442+00:00,9887.845064
2026-09-20T04:13:32.525442+00:00,9887.845064
2026-09-20T04:14:32.525442+00:00,9887.845064
2026-09-20T04:15:32.525442+00:00,9887.845064
2026-09-20T04:16:32.525442+00:00,9887.845064
2026-09-20T04:17:32.525442+00:00,9887.845064
2026-09-20T04:18:32.525442+00:00,9887.845064
2026-09-20T04:19:32.525442+00:00,9887.845064
2026-09-20T04:20:32.525442+00:00,9887.845064
2026-09-20T04:21:32.525442+00:00,9887.845064
2026-09-20T04:22:32.525442+00:00,9887.845064
2026-09-20T04:23:32.525442+00:00,9887.845064
2026-09-20T04:24:32.525442+00:00,9887.845064
2026-09-20T04:25:32.525442+00:00,9887.845064
2026-09-20T04:26:32.525442+00:00,9887.845064
2026-09-20T04:27:32.525442+00:00,9887.845064
2026-09-20T04:28:32.525442+00:00,9887.845064
2026-09-20T04:29:32.525442+00:00,9887.845064
2026-09-20T04:30:32.525442+00:00,9887.845064
2026-09-20T04:31:32.525442+00:00,9887.845064
2026-09-20T04:32:32.525442+00:00,9887.845064
2026-09-20T04:33:32.525442+00:00,9887.845064
2026-09-20T04:34:32.525442+00:00,9887.845064
2026-09-20T04:35:32.525442+00:00,9887.845064
2026-09-20T04:36:32.525442+00:00,9887.845064
2026-09-20T04:37:32.525442+00:00,9887.845064
2026-09-20T04:38:32.525442+00:00,9887.845064
2026-09-20T04:39:32.525442+00:00,9887.845064
2026-09-20T04:40:32.525442+00:00,9887.845064
2026-09-20T04:41:32.525442+00:00,9887.845064
2026-09-20T04:42:32.525442+00:00,9887.845064
2026-09-20T04:43:32.525442+00:00,9887.845064
2026-09-20T04:44:32.525442+00:00,9887.845064
2026-09-20T04:45:32.525442+00:00,9887.845064
2026-09-20T04:46:32.525442+00:00,9887.845064
2026-09-20T04:47:32.525442+00:00,9887.845064
2026-09-20T04:48:32.525442+00:00,9887.845064
2026-09-20T04:49:32.525442+00:00,9887.845064
2026-09-20T04:50:32.525442+00:00,9887.845064
2026-09-20T04:51:32.525442+00:00,9887.845064
2026-09-20T04:52:32.525442+00:00,9887.845064
2026-09-20T04:53:32.525442+00:00,9887.845064
2026-09-20T04:54:32.525442+00:00,9887.845064
2026-09-20T04:55:32.525442+00:00,9887.845064
2026-09-20T04:56:32.525442+00:00,9887.845064
2026-09-20T04:57:32.525442+00:00,9887.845064
2026-09-20T04:58:32.525442+00:00,9887.845064
2026-09-20T04:59:32.525442+00:00,9887.845064
2026-09-20T05:00:32.525442+00:00,9887.845064
2026-09-20T05:01:32.525442+00:00,9887.845064
2026-09-20T05:02:32.525442+00:00,9887.845064
2026-09-20T05:03:32.525442+00:00,9887.845064
2026-09-20T05:04:32.525442+00:00,9887.845064
2026-09-20T05:05:32.525442+00:00,9887.845064
2026-09-20T05:06:32.525442+00:00,9887.845064
2026-09-20T05:07:32.525442+00:00,9887.845064
2026-09-20T05:08:32.525442+00:00,9887.845064
2026-09-20T05:09:32.525442+00:00,9887.845064
2026-09-20T05:10:32.525442+00:00,9887.845064
2026-09-20T05:11:32.525442+00:00,9887.845064
2026-09-20T05:12:32.525442+00:00,9887.845064
2026-09-20T05:13:32.525442+00:00,9887.845064
2026-09-20T05:14:32.525442+00:00,9887.845064
2026-09-20T05:15:32.525442+00:00,9887.845064
2026-09-20T05:16:32.525442+00:00,9887.845064
2026-09-20T05:17:32.525442+00:00,9887.845064
2026-09-20T05:18:32.525442+00:00,9887.845064
2026-09-20T05:19:32.525442+00:00,9887.845064
2026-09-20T05:20:32.525442+00:00,9887.845064
2026-09-20T05:21:32.525442+00:00,9887.845064
2026-09-20T05:22:32.525442+00:00,9887.845064
2026-09-20T05:23:32.525442+00:00,9887.845064
2026-09-20T05:24:32.525442+00:00,9887.845064
2026-09-20T05:25:32.525442+00:00,9887.845064
2026-09-20T05:26:32.525442+00:00,9887.845064
2026-09-20T05:27:32.525442+00:00,9887.845064
2026-09-20T05:28:32.525442+00:00,9887.845064
2026-09-20T05:29:32.525442+00:00,9887.845064
2026-09-20T05:30:32.525442+00:00,9887.845064
2026-09-20T05:31:32.525442+00:00,9887.845064
2026-09-20T05:32:32.525442+00:00,9887.845064
2026-09-20T05:33:32.525442+00:00,9887.845064
2026-09-20T05:34:32.525442+00:00,9887.845064
2026-09-20T05:35:32.525442+00:00,9887.845064
2026-09-20T05:36:32.525442+00:00,9887.845064
2026-09-20T05:37:32.525442+00:00,9887.845064
2026-09-20T05:38:32.525442+00:00,9887.845064
2026-09-20T05:39:32.525442+00:00,9887.845064
2026-09-20T05:40:32.525442+00:00,9887.845064
2026-09-20T05:41:32.525442+00:00,9887.845064
2026-09-20T05:42:32.525442+00:00,9887.845064
2026-09-20T05:43:32.525442+00:00,9887.845064
2026-09-20T05:44:32.525442+00:00,9887.845064
2026-09-20T05:45:32.525442+00:00,9887.845064
2026-09-20T05:46:32.525442+00:00,9887.845064
2026-09-20T05:47:32.525442+00:00,9887.845064
2026-09-20T05:48:32.525442+00:00,9887.845064
2026-09-20T05:49:32.525442+00:00,9887.845064
2026-09-20T05:50:32.525442+00:00,9887.845064
2026-09-20T05:51:32.525442+00:00,9887.845064
2026-09-20T05:52:32.525442+00:00,9887.845064
2026-09-20T05:53:32.525442+00:00,9887.845064
2026-09-20T05:54:32.525442+00:00,9887.845064
2026-09-20T05:55:32.525442+00:00,9887.845064
2026-09-20T05:56:32.525442+00:00,9887.845064
2026-09-20T05:57:32.525442+00:00,9887.845064
2026-09-20T05:58:32.525442+00:00,9887.845064
2026-09-20T05:59:32.525442+00:00,9887.845064
2026-09-20T06:00:32.525442+00:00,9887.845064
2026-09-20T06:01:32.525442+00:00,9887.845064
2026-09-20T06:02:32.525442+00:00,9887.845064
2026-09-20T06:03:32.525442+00:00,9887.845064
2026-09-20T06:04:32.525442+00:00,9887.845064
2026-09-20T06:05:32.525442+00:00,9887.845064
2026-09-20T06:06:32.525442+00:00,9887.845064
2026-09-20T06:07:32.525442+00:00,9887.845064
2026-09-20T06:08:32.525442+00:00,9887.845064
2026-09-20T06:09:32.525442+00:00,9887.845064
2026-09-20T06:10:32.525442+00:00,9887.845064
2026-09-20T06:11:32.525442+00:00,9887.845064
2026-09-20T06:12:32.525442+00:00,9887.845064
2026-09-20T06:13:32.525442+00:00,9887.845064
2026-09-20T06:14:32.525442+00:00,9887.845064
2026-09-20T06:15:32.525442+00:00,9887.845064
2026-09-20T06:16:32.525442+00:00,9887.845064
2026-09-20T06:17:32.525442+00:00,9887.845064
2026-09-20T06:18:32.525442+00:00,9887.845064
2026-09-20T06:19:32.525442+00:00,9887.845064
2026-09-20T06:20:32.525442+00:00,9887.845064
2026-09-20T06:21:32.525442+00:00,9887.845064
2026-09-20T06:22:32.525442+00:00,9887.845064
