opened_at,closed_at,symbol,side,quantity,entry_price,exit_price,pnl,fees
2026-09-18T20:55:43.600404+00:00,2026-09-18T20:55:43.600615+00:00,BTC/USDT,buy,0.05000000,29979.169706,30002.359300,1.159480,1.500118
2026-09-18T20:55:43.600754+00:00,2026-09-18T20:55:43.601284+00:00,BTC/USDT,buy,0.05000000,30418.225186,30744.222655,16.299873,1.537211
2026-09-18T20:55:43.601646+00:00,2026-09-18T20:55:43.602598+00:00,BTC/USDT,buy,0.05000000,31108.115773,31357.607978,12.474610,1.567880
2026-09-18T20:55:43.603510+00:00,2026-09-18T20:55:43.603784+00:00,BTC/USDT,buy,0.05000000,31813.365550,32341.564562,26.409951,1.617078
2026-09-18T20:55:43.603889+00:00,2026-09-18T20:55:43.603942+00:00,BTC/USDT,buy,0.05000000,32529.035601,32142.847370,-19.309412,1.607142
2026-09-18T20:55:43.604111+00:00,2026-09-18T20:55:43.604273+00:00,BTC/USDT,buy,0.05000000,32231.553409,32235.348813,0.189770,1.611767
2026-09-18T20:55:43.604479+00:00,2026-09-18T20:55:43.604591+00:00,BTC/USDT,buy,0.05000000,32254.272849,32091.804627,-8.123411,1.604590
2026-09-18T20:55:43.604741+00:00,2026-09-18T20:55:43.604810+00:00,BTC/USDT,buy,0.05000000,32209.429288,31676.887393,-26.627095,1.583844
2026-09-18T20:55:43.605028+00:00,2026-09-18T20:55:43.605125+00:00,BTC/USDT,buy,0.05000000,31804.642405,31550.075404,-12.728350,1.577504
2026-09-18T20:55:43.605641+00:00,2026-09-18T20:55:43.605775+00:00,BTC/USDT,buy,0.05000000,31296.201135,30699.532430,-29.833435,1.534977
2026-09-18T20:55:43.606069+00:00,2026-09-18T20:55:43.606717+00:00,BTC/USDT,buy,0.05000000,31018.414158,31317.806874,14.969636,1.565890
2026-09-18T20:55:43.607256+00:00,2026-09-18T20:55:43.607816+00:00,BTC/USDT,buy,0.05000000,30983.168507,31407.178481,21.200499,1.570359
2026-09-18T20:55:43.608302+00:00,2026-09-18T20:55:43.608441+00:00,BTC/USDT,buy,0.05000000,31397.011970,30933.973101,-23.151943,1.546699
2026-09-18T20:55:43.608981+00:00,2026-09-18T20:55:43.609135+00:00,BTC/USDT,buy,0.05000000,30753.205203,30350.216992,-20.149411,1.517511
2026-09-18T20:55:43.610298+00:00,2026-09-18T20:55:43.610687+00:00,BTC/USDT,buy,0.05000000,29895.429128,29687.751239,-10.383894,1.484388
2026-09-18T20:55:43.610839+00:00,2026-09-18T20:55:43.611131+00:00,BTC/USDT,buy,0.05000000,29818.124998,29707.824642,-5.515018,1.485391
2026-09-18T20:55:43.611329+00:00,2026-09-18T20:55:43.611440+00:00,BTC/USDT,buy,0.05000000,29803.472387,29788.092177,-0.769010,1.489405
2026-09-18T20:55:43.611607+00:00,2026-09-18T20:55:43.611776+00:00,BTC/USDT,buy,0.05000000,30020.184580,29665.113020,-17.753578,1.483256
2026-09-18T20:55:43.612275+00:00,2026-09-18T20:55:43.612467+00:00,BTC/USDT,buy,0.05000000,29563.878362,29713.627629,7.487463,1.485681
2026-09-18T20:55:43.612585+00:00,2026-09-18T20:55:43.613773+00:00,BTC/USDT,buy,0.05000000,29950.975596,31045.932780,54.747859,1.552297
2026-09-18T20:55:43.614011+00:00,2026-09-18T20:55:43.614242+00:00,BTC/USDT,buy,0.05000000,31240.114835,31003.217796,-11.844852,1.550161
2026-09-18T20:55:43.614376+00:00,2026-09-18T20:55:43.614598+00:00,BTC/USDT,buy,0.05000000,31632.768677,31447.497623,-9.263553,1.572375
2026-09-18T20:55:43.615200+00:00,2026-09-18T20:55:43.615438+00:00,BTC/USDT,buy,0.05000000,30758.224521,30585.252924,-8.648580,1.529263
2026-09-18T20:55:43.615583+00:00,2026-09-18T20:55:43.615665+00:00,BTC/USDT,buy,0.05000000,30700.553583,30488.141439,-10.620607,1.524407
2026-09-18T20:55:43.615809+00:00,2026-09-18T20:55:43.616033+00:00,BTC/USDT,buy,0.05000000,30908.919544,30752.098292,-7.841063,1.537605
2026-09-18T20:55:43.616283+00:00,2026-09-18T20:55:43.616458+00:00,BTC/USDT,buy,0.05000000,30963.633622,30687.611411,-13.801111,1.534381
2026-09-18T20:55:43.616602+00:00,2026-09-18T20:55:43.616946+00:00,BTC/USDT,buy,0.05000000,31037.258149,31077.415782,2.007882,1.553871
2026-09-18T20:55:43.617178+00:00,2026-09-18T20:55:43.618196+00:00,BTC/USDT,buy,0.05000000,31305.777299,31441.393779,6.780824,1.572070
2026-09-18T20:55:43.618835+00:00,2026-09-18T20:55:43.619381+00:00,BTC/USDT,buy,0.05000000,31323.195769,31352.841771,1.482300,1.567642
2026-09-18T20:55:43.619566+00:00,2026-09-18T20:55:43.619977+00:00,BTC/USDT,buy,0.05000000,31615.340500,31790.898541,8.777902,1.589545
2026-09-18T20:55:43.620130+00:00,2026-09-18T20:55:43.620518+00:00,BTC/USDT,buy,0.05000000,32097.597044,32562.376805,23.238988,1.628119
2026-09-18T20:55:43.620655+00:00,2026-09-18T20:55:43.620746+00:00,BTC/USDT,buy,0.05000000,32842.907705,32422.202049,-21.035283,1.621110
2026-09-18T20:55:43.621123+00:00,2026-09-18T20:55:43.621319+00:00,BTC/USDT,buy,0.05000000,32397.843184,32127.040736,-13.540122,1.606352
2026-09-18T20:55:43.621533+00:00,2026-09-18T20:55:43.622149+00:00,BTC/USDT,buy,0.05000000,32437.846311,33244.478768,40.331623,1.662224
2026-09-18T20:55:43.622458+00:00,2026-09-18T20:55:43.622933+00:00,BTC/USDT,buy,0.05000000,33276.437587,33671.566310,19.756436,1.683578
2026-09-18T20:55:43.623439+00:00,2026-09-18T20:55:43.623748+00:00,BTC/USDT,buy,0.05000000,34010.667098,34158.496249,7.391458,1.707925
2026-09-18T20:55:43.623929+00:00,2026-09-18T20:55:43.623967+00:00,BTC/USDT,buy,0.05000000,34255.876969,34229.380020,-1.324847,1.711469
2026-09-18T20:55:43.624012+00:00,2026-09-18T20:55:43.624507+00:00,BTC/USDT,buy,0.05000000,34262.064725,34346.117249,4.202626,1.717306
2026-09-18T20:55:43.624841+00:00,2026-09-18T20:55:43.624997+00:00,BTC/USDT,buy,0.05000000,34474.630852,34160.993512,-15.681867,1.708050
2026-09-18T20:55:43.625113+00:00,2026-09-18T20:55:43.625501+00:00,BTC/USDT,buy,0.05000000,34517.763342,34324.185244,-9.678905,1.716209
2026-09-18T20:55:43.625671+00:00,2026-09-18T20:55:43.625728+00:00,BTC/USDT,buy,0.05000000,34575.668445,34172.831413,-20.141852,1.708642
2026-09-18T20:55:43.625882+00:00,2026-09-18T20:55:43.626135+00:00,BTC/USDT,buy,0.05000000,34840.819318,34355.196028,-24.281165,1.717760
2026-09-18T20:55:43.626350+00:00,2026-09-18T20:55:43.626765+00:00,BTC/USDT,buy,0.05000000,34670.186275,35267.238565,29.852614,1.763362
2026-09-18T20:55:43.626816+00:00,2026-09-18T20:55:43.626850+00:00,BTC/USDT,buy,0.05000000,35348.390411,35286.760053,-3.081518,1.764338
2026-09-18T20:55:43.627237+00:00,2026-09-18T20:55:43.627405+00:00,BTC/USDT,buy,0.05000000,34685.803039,34669.729680,-0.803668,1.733486
2026-09-18T20:55:43.627450+00:00,2026-09-18T20:55:43.627717+00:00,BTC/USDT,buy,0.05000000,34958.146034,34693.075322,-13.253536,1.734654
2026-09-18T20:55:43.627842+00:00,2026-09-18T20:55:43.628606+00:00,BTC/USDT,buy,0.05000000,35183.731753,35149.020140,-1.735581,1.757451
2026-09-18T20:55:43.628912+00:00,2026-09-18T20:55:43.629029+00:00,BTC/USDT,buy,0.05000000,35318.796506,35165.954785,-7.642086,1.758298
2026-09-18T20:55:43.629071+00:00,2026-09-18T20:55:43.629196+00:00,BTC/USDT,buy,0.05000000,35501.574571,35148.093305,-17.674063,1.757405
2026-09-18T20:55:43.629497+00:00,2026-09-18T20:55:43.629548+00:00,BTC/USDT,buy,0.05000000,34931.398989,34849.753590,-4.082270,1.742488
2026-09-18T20:55:43.629676+00:00,2026-09-18T20:55:43.629851+00:00,BTC/USDT,buy,0.05000000,35252.032223,34651.816230,-30.010800,1.732591
2026-09-18T20:55:43.630814+00:00,2026-09-18T20:55:43.631037+00:00,BTC/USDT,buy,0.05000000,33934.971014,33912.504141,-1.123344,1.695625
2026-09-18T20:55:43.631378+00:00,2026-09-18T20:55:43.631489+00:00,BTC/USDT,buy,0.05000000,33795.669170,33566.537747,-11.456571,1.678327
2026-09-18T20:55:43.631548+00:00,2026-09-18T20:55:43.631672+00:00,BTC/USDT,buy,0.05000000,33944.059304,33341.353572,-30.135287,1.667068
2026-09-18T20:55:43.631908+00:00,2026-09-18T20:55:43.632099+00:00,BTC/USDT,buy,0.05000000,33284.237764,32647.560179,-31.833879,1.632378
2026-09-18T20:55:43.632335+00:00,2026-09-18T20:55:43.632406+00:00,BTC/USDT,buy,0.05000000,32941.515070,32504.120989,-21.869704,1.625206
2026-09-18T20:55:43.632652+00:00,2026-09-18T20:55:43.632803+00:00,BTC/USDT,buy,0.05000000,32777.134220,32334.018524,-22.155785,1.616701
2026-09-18T20:55:43.633152+00:00,2026-09-18T20:55:43.633227+00:00,BTC/USDT,buy,0.05000000,32424.396002,32084.911942,-16.974203,1.604246
2026-09-18T20:55:43.633809+00:00,2026-09-18T20:55:43.634112+00:00,BTC/USDT,buy,0.05000000,32051.230113,31699.686016,-17.577205,1.584984
2026-09-18T20:55:43.634550+00:00,2026-09-18T20:55:43.635296+00:00,BTC/USDT,buy,0.05000000,31894.556264,32373.600290,23.952201,1.618680
2026-09-18T20:55:43.635496+00:00,2026-09-18T20:55:43.635922+00:00,BTC/USDT,buy,0.05000000,32389.427531,32324.007606,-3.270996,1.616200
2026-09-18T20:55:43.636021+00:00,2026-09-18T20:55:43.636429+00:00,BTC/USDT,buy,0.05000000,32492.750891,32366.665292,-6.304280,1.618333
2026-09-18T20:55:43.636527+00:00,2026-09-18T20:55:43.636895+00:00,BTC/USDT,buy,0.05000000,32834.333225,32739.959649,-4.718679,1.636998
2026-09-18T20:55:43.636959+00:00,2026-09-18T20:55:43.637405+00:00,BTC/USDT,buy,0.05000000,32970.895583,33955.641925,49.237317,1.697782
2026-09-18T20:55:43.637575+00:00,2026-09-18T20:55:43.637751+00:00,BTC/USDT,buy,0.05000000,34510.543820,34145.561758,-18.249103,1.707278
2026-09-18T20:55:43.637913+00:00,2026-09-18T20:55:43.638229+00:00,BTC/USDT,buy,0.05000000,34186.924372,34050.343357,-6.829051,1.702517
2026-09-18T20:55:43.638406+00:00,2026-09-18T20:55:43.638599+00:00,BTC/USDT,buy,0.05000000,34312.484319,34395.708945,4.161231,1.719785
2026-09-18T20:55:43.638953+00:00,2026-09-18T20:55:43.639349+00:00,BTC/USDT,buy,0.05000000,34060.743334,34521.298679,23.027767,1.726065
2026-09-18T20:55:43.639800+00:00,2026-09-18T20:55:43.640377+00:00,BTC/USDT,buy,0.05000000,34305.583919,34517.704245,10.606016,1.725885
2026-09-18T20:55:43.641410+00:00,2026-09-18T20:55:43.641833+00:00,BTC/USDT,buy,0.05000000,34036.659480,33541.196654,-24.773141,1.677060
2026-09-18T20:55:43.642249+00:00,2026-09-18T20:55:43.642327+00:00,BTC/USDT,buy,0.05000000,33266.174630,32827.832149,-21.917124,1.641392
2026-09-18T20:55:43.642471+00:00,2026-09-18T20:55:43.642527+00:00,BTC/USDT,buy,0.05000000,33223.877217,33218.103674,-0.288677,1.660905
2026-09-18T20:55:43.642592+00:00,2026-09-18T20:55:43.642950+00:00,BTC/USDT,buy,0.05000000,33447.699205,33322.700417,-6.249939,1.666135
2026-09-18T20:55:43.643068+00:00,2026-09-18T20:55:43.643231+00:00,BTC/USDT,buy,0.05000000,33735.106123,33300.811111,-21.714751,1.665041
2026-09-18T20:55:43.643544+00:00,2026-09-18T20:55:43.643848+00:00,BTC/USDT,buy,0.05000000,33400.007330,33497.458574,4.872562,1.674873
2026-09-18T20:55:43.644348+00:00,2026-09-18T20:55:43.644490+00:00,BTC/USDT,buy,0.05000000,33584.718329,33242.787819,-17.096525,1.662139
2026-09-18T20:55:43.645098+00:00,2026-09-18T20:55:43.645232+00:00,BTC/USDT,buy,0.05000000,32935.222781,32929.320505,-0.295114,1.646466
2026-09-18T20:55:43.645281+00:00,2026-09-18T20:55:43.645433+00:00,BTC/USDT,buy,0.05000000,33109.810761,32656.825016,-22.649287,1.632841
2026-09-18T20:55:43.645562+00:00,2026-09-18T20:55:43.645849+00:00,BTC/USDT,buy,0.05000000,33215.382308,32864.774615,-17.530385,1.643239
2026-09-18T20:55:43.645958+00:00,2026-09-18T20:55:43.646044+00:00,BTC/USDT,buy,0.05000000,33224.469527,33013.157092,-10.565622,1.650658
2026-09-18T20:55:43.646187+00:00,2026-09-18T20:55:43.646510+00:00,BTC/USDT,buy,0.05000000,33299.141290,33020.461863,-13.933971,1.651023
2026-09-18T20:55:43.646886+00:00,2026-09-18T20:55:43.647045+00:00,BTC/USDT,buy,0.05000000,32922.135790,32805.846093,-5.814485,1.640292
2026-09-18T20:55:43.647256+00:00,2026-09-18T20:55:43.647497+00:00,BTC/USDT,buy,0.05000000,32911.869904,33215.295361,15.171273,1.660765
2026-09-18T20:55:43.647555+00:00,2026-09-18T20:55:43.647822+00:00,BTC/USDT,buy,0.05000000,33242.810787,33082.808635,-8.000108,1.654140
2026-09-18T20:55:43.649660+00:00,2026-09-18T20:55:43.649995+00:00,BTC/USDT,buy,0.05000000,31065.368964,30991.826520,-3.677122,1.549591
2026-09-18T20:55:43.650398+00:00,2026-09-18T20:55:43.650711+00:00,BTC/USDT,buy,0.05000000,30920.382164,30774.122289,-7.312994,1.538706
2026-09-18T20:55:43.650987+00:00,2026-09-18T20:55:43.651740+00:00,BTC/USDT,buy,0.05000000,30813.757751,30884.664956,3.545360,1.544233
2026-09-18T20:55:43.652415+00:00,2026-09-18T20:55:43.652655+00:00,BTC/USDT,buy,0.05000000,30532.810830,30593.531119,3.036014,1.529677
